FID,SA2_MAIN16,SA2_5DIG16,SA2_NAME16,SA3_CODE16,SA3_NAME16,SA4_CODE16,SA4_NAME16,GCC_CODE16,GCC_NAME16,STE_CODE16,STE_NAME16,AREASQKM16,income_security,lat,lon,WFH_score
27,102011028,11028,Avoca Beach - Copacabana,10201,Gosford,102,Central Coast,1GSYD,Greater Sydney,1,New South Wales,6.438,0.192,-33.475,151.43,0.442
28,102011029,11029,Box Head - MacMasters Beach,10201,Gosford,102,Central Coast,1GSYD,Greater Sydney,1,New South Wales,32.086,0.18,-33.509,151.385,0.437
29,102011030,11030,Calga - Kulnura,10201,Gosford,102,Central Coast,1GSYD,Greater Sydney,1,New South Wales,767.951,0.154,-33.34,151.175,0.349
30,102011031,11031,Erina - Green Point,10201,Gosford,102,Central Coast,1GSYD,Greater Sydney,1,New South Wales,33.793,0.18,-33.423,151.402,0.441
31,102011032,11032,Gosford - Springfield,10201,Gosford,102,Central Coast,1GSYD,Greater Sydney,1,New South Wales,16.912,0.173,-33.425,151.348,0.414
32,102011033,11033,Kariong,10201,Gosford,102,Central Coast,1GSYD,Greater Sydney,1,New South Wales,8.306,0.171,-33.44,151.295,0.374
33,102011034,11034,Kincumber - Picketts Valley,10201,Gosford,102,Central Coast,1GSYD,Greater Sydney,1,New South Wales,12.089,0.169,-33.47,151.403,0.381
34,102011035,11035,Narara,10201,Gosford,102,Central Coast,1GSYD,Greater Sydney,1,New South Wales,7.702,0.166,-33.396,151.334,0.385
35,102011036,11036,Niagara Park - Lisarow,10201,Gosford,102,Central Coast,1GSYD,Greater Sydney,1,New South Wales,16.732,0.173,-33.384,151.373,0.404
36,102011037,11037,Point Clare - Koolewong,10201,Gosford,102,Central Coast,1GSYD,Greater Sydney,1,New South Wales,6.787,0.184,-33.448,151.316,0.463
37,102011038,11038,Saratoga - Davistown,10201,Gosford,102,Central Coast,1GSYD,Greater Sydney,1,New South Wales,4.768,0.176,-33.477,151.358,0.412
38,102011039,11039,Terrigal - North Avoca,10201,Gosford,102,Central Coast,1GSYD,Greater Sydney,1,New South Wales,10.107,0.191,-33.445,151.428,0.457
39,102011040,11040,Umina - Booker Bay - Patonga,10201,Gosford,102,Central Coast,1GSYD,Greater Sydney,1,New South Wales,25.228,0.16,-33.529,151.298,0.383
40,102011041,11041,Wamberal - Forresters Beach,10201,Gosford,102,Central Coast,1GSYD,Greater Sydney,1,New South Wales,13.722,0.189,-33.41,151.45,0.455
41,102011042,11042,Woy Woy - Blackwall,10201,Gosford,102,Central Coast,1GSYD,Greater Sydney,1,New South Wales,17.423,0.163,-33.485,151.306,0.39
42,102011043,11043,Wyoming,10201,Gosford,102,Central Coast,1GSYD,Greater Sydney,1,New South Wales,8.381,0.161,-33.405,151.364,0.376
43,102021044,11044,Bateau Bay - Killarney Vale,10202,Wyong,102,Central Coast,1GSYD,Greater Sydney,1,New South Wales,10.86,0.156,-33.38,151.467,0.354
44,102021045,11045,Blue Haven - San Remo,10202,Wyong,102,Central Coast,1GSYD,Greater Sydney,1,New South Wales,20.98,0.142,-33.204,151.524,0.276
45,102021046,11046,Budgewoi - Buff Point - Halekulani,10202,Wyong,102,Central Coast,1GSYD,Greater Sydney,1,New South Wales,9.353,0.152,-33.227,151.561,0.304
46,102021047,11047,Chittaway Bay - Tumbi Umbi,10202,Wyong,102,Central Coast,1GSYD,Greater Sydney,1,New South Wales,24.499,0.163,-33.354,151.428,0.373
47,102021048,11048,Gorokan - Kanwal - Charmhaven,10202,Wyong,102,Central Coast,1GSYD,Greater Sydney,1,New South Wales,11.249,0.147,-33.258,151.495,0.303
48,102021049,11049,Jilliby - Yarramalong,10202,Wyong,102,Central Coast,1GSYD,Greater Sydney,1,New South Wales,346.766,0.182,-33.173,151.324,0.407
49,102021050,11050,Lake Munmorah - Mannering Park,10202,Wyong,102,Central Coast,1GSYD,Greater Sydney,1,New South Wales,35.495,0.149,-33.18,151.576,0.301
50,102021051,11051,Ourimbah - Fountaindale,10202,Wyong,102,Central Coast,1GSYD,Greater Sydney,1,New South Wales,114.117,0.18,-33.317,151.335,0.42
51,102021052,11052,Summerland Point - Gwandalan,10202,Wyong,102,Central Coast,1GSYD,Greater Sydney,1,New South Wales,9.179,0.149,-33.141,151.577,0.318
52,102021053,11053,The Entrance,10202,Wyong,102,Central Coast,1GSYD,Greater Sydney,1,New South Wales,13.858,0.156,-33.329,151.512,0.366
53,102021054,11054,Toukley - Norah Head,10202,Wyong,102,Central Coast,1GSYD,Greater Sydney,1,New South Wales,10.522,0.154,-33.273,151.555,0.325
54,102021055,11055,Tuggerah - Kangy Angy,10202,Wyong,102,Central Coast,1GSYD,Greater Sydney,1,New South Wales,27.846,0.168,-33.305,151.412,0.385
55,102021056,11056,Warnervale - Wadalba,10202,Wyong,102,Central Coast,1GSYD,Greater Sydney,1,New South Wales,42.89,0.169,-33.242,151.458,0.368
56,102021057,11057,Wyong,10202,Wyong,102,Central Coast,1GSYD,Greater Sydney,1,New South Wales,15.033,0.15,-33.277,151.435,0.314
294,115011290,11290,Baulkham Hills (East),11501,Baulkham Hills,115,Sydney - Baulkham Hills and Hawkesbury,1GSYD,Greater Sydney,1,New South Wales,8.308,0.208,-33.76,150.988,0.549
295,115011291,11291,Baulkham Hills (West) - Bella Vista,11501,Baulkham Hills,115,Sydney - Baulkham Hills and Hawkesbury,1GSYD,Greater Sydney,1,New South Wales,10.963,0.21,-33.742,150.964,0.54
296,115011294,11294,Glenhaven,11501,Baulkham Hills,115,Sydney - Baulkham Hills and Hawkesbury,1GSYD,Greater Sydney,1,New South Wales,7.231,0.215,-33.702,150.999,0.568
297,115011296,11296,West Pennant Hills,11501,Baulkham Hills,115,Sydney - Baulkham Hills and Hawkesbury,1GSYD,Greater Sydney,1,New South Wales,7.829,0.226,-33.75,151.03,0.605
298,115011553,11553,Castle Hill - Central,11501,Baulkham Hills,115,Sydney - Baulkham Hills and Hawkesbury,1GSYD,Greater Sydney,1,New South Wales,4.151,0.211,-33.734,150.988,0.555
299,115011554,11554,Castle Hill - East,11501,Baulkham Hills,115,Sydney - Baulkham Hills and Hawkesbury,1GSYD,Greater Sydney,1,New South Wales,2.072,0.216,-33.722,151.024,0.572
300,115011555,11555,Castle Hill - North,11501,Baulkham Hills,115,Sydney - Baulkham Hills and Hawkesbury,1GSYD,Greater Sydney,1,New South Wales,6.815,0.212,-33.72,150.999,0.564
301,115011556,11556,Castle Hill - South,11501,Baulkham Hills,115,Sydney - Baulkham Hills and Hawkesbury,1GSYD,Greater Sydney,1,New South Wales,4.128,0.211,-33.742,151.01,0.563
302,115011557,11557,Castle Hill - West,11501,Baulkham Hills,115,Sydney - Baulkham Hills and Hawkesbury,1GSYD,Greater Sydney,1,New South Wales,1.636,0.229,-33.719,150.975,0.611
303,115011558,11558,Cherrybrook,11501,Baulkham Hills,115,Sydney - Baulkham Hills and Hawkesbury,1GSYD,Greater Sydney,1,New South Wales,8.251,0.218,-33.722,151.046,0.593
304,115011559,11559,Kellyville,11501,Baulkham Hills,115,Sydney - Baulkham Hills and Hawkesbury,1GSYD,Greater Sydney,1,New South Wales,10.641,0.208,-33.712,150.957,0.544
305,115021297,11297,Dural - Kenthurst - Wisemans Ferry,11502,Dural - Wisemans Ferry,115,Sydney - Baulkham Hills and Hawkesbury,1GSYD,Greater Sydney,1,New South Wales,377.54,0.193,-33.547,150.982,0.483
306,115021298,11298,Galston - Laughtondale,11502,Dural - Wisemans Ferry,115,Sydney - Baulkham Hills and Hawkesbury,1GSYD,Greater Sydney,1,New South Wales,191.699,0.19,-33.549,151.079,0.49
307,115031299,11299,Bilpin - Colo - St Albans,11503,Hawkesbury,115,Sydney - Baulkham Hills and Hawkesbury,1GSYD,Greater Sydney,1,New South Wales,2160.16,0.17,-33.271,150.783,0.336
308,115031300,11300,Kurrajong Heights - Ebenezer,11503,Hawkesbury,115,Sydney - Baulkham Hills and Hawkesbury,1GSYD,Greater Sydney,1,New South Wales,331.85,0.175,-33.527,150.749,0.394
309,115041301,11301,Pitt Town - McGraths Hill,11504,Rouse Hill - McGraths Hill,115,Sydney - Baulkham Hills and Hawkesbury,1GSYD,Greater Sydney,1,New South Wales,81.552,0.176,-33.602,150.88,0.403
310,115041302,11302,Rouse Hill - Beaumont Hills,11504,Rouse Hill - McGraths Hill,115,Sydney - Baulkham Hills and Hawkesbury,1GSYD,Greater Sydney,1,New South Wales,36.673,0.205,-33.663,150.921,0.526
311,116011303,11303,Blacktown (East) - Kings Park,11601,Blacktown,116,Sydney - Blacktown,1GSYD,Greater Sydney,1,New South Wales,7.975,0.164,-33.757,150.912,0.384
312,116011304,11304,Blacktown (North) - Marayong,11601,Blacktown,116,Sydney - Blacktown,1GSYD,Greater Sydney,1,New South Wales,7.383,0.16,-33.749,150.889,0.368
313,116011306,11306,Doonside - Woodcroft,11601,Blacktown,116,Sydney - Blacktown,1GSYD,Greater Sydney,1,New South Wales,9.911,0.168,-33.765,150.872,0.395
314,116011307,11307,Lalor Park - Kings Langley,11601,Blacktown,116,Sydney - Blacktown,1GSYD,Greater Sydney,1,New South Wales,11.8,0.181,-33.762,150.939,0.447
315,116011308,11308,Seven Hills - Toongabbie,11601,Blacktown,116,Sydney - Blacktown,1GSYD,Greater Sydney,1,New South Wales,11.203,0.171,-33.793,150.926,0.412
316,116011560,11560,Blacktown (South),11601,Blacktown,116,Sydney - Blacktown,1GSYD,Greater Sydney,1,New South Wales,3.359,0.159,-33.787,150.908,0.366
317,116011561,11561,Blacktown (West),11601,Blacktown,116,Sydney - Blacktown,1GSYD,Greater Sydney,1,New South Wales,4.675,0.158,-33.778,150.892,0.36
318,116021309,11309,Glenwood,11602,Blacktown - North,116,Sydney - Blacktown,1GSYD,Greater Sydney,1,New South Wales,5.119,0.199,-33.736,150.935,0.5
319,116021310,11310,Parklea - Kellyville Ridge,11602,Blacktown - North,116,Sydney - Blacktown,1GSYD,Greater Sydney,1,New South Wales,9.813,0.21,-33.71,150.918,0.531
320,116021312,11312,Riverstone - Marsden Park,11602,Blacktown - North,116,Sydney - Blacktown,1GSYD,Greater Sydney,1,New South Wales,79.421,0.181,-33.692,150.846,0.435
321,116021562,11562,Acacia Gardens,11602,Blacktown - North,116,Sydney - Blacktown,1GSYD,Greater Sydney,1,New South Wales,0.947,0.198,-33.733,150.914,0.477
322,116021563,11563,Quakers Hill,11602,Blacktown - North,116,Sydney - Blacktown,1GSYD,Greater Sydney,1,New South Wales,7.768,0.182,-33.724,150.891,0.466
323,116031313,11313,Bidwill - Hebersham - Emerton,11603,Mount Druitt,116,Sydney - Blacktown,1GSYD,Greater Sydney,1,New South Wales,6.095,0.132,-33.741,150.818,0.271
324,116031314,11314,Glendenning - Dean Park,11603,Mount Druitt,116,Sydney - Blacktown,1GSYD,Greater Sydney,1,New South Wales,5.143,0.159,-33.744,150.856,0.357
325,116031315,11315,Hassall Grove - Plumpton,11603,Mount Druitt,116,Sydney - Blacktown,1GSYD,Greater Sydney,1,New South Wales,6.205,0.155,-33.744,150.838,0.339
326,116031316,11316,Lethbridge Park - Tregear,11603,Mount Druitt,116,Sydney - Blacktown,1GSYD,Greater Sydney,1,New South Wales,11.267,0.15,-33.732,150.788,0.328
327,116031317,11317,Mount Druitt - Whalan,11603,Mount Druitt,116,Sydney - Blacktown,1GSYD,Greater Sydney,1,New South Wales,8.686,0.14,-33.765,150.813,0.317
328,116031318,11318,Prospect Reservoir,11603,Mount Druitt,116,Sydney - Blacktown,1GSYD,Greater Sydney,1,New South Wales,30.692,0.317,-33.809,150.864,0
329,116031319,11319,Rooty Hill - Minchinbury,11603,Mount Druitt,116,Sydney - Blacktown,1GSYD,Greater Sydney,1,New South Wales,14.624,0.158,-33.78,150.843,0.364
330,117011320,11320,Banksmeadow,11701,Botany,117,Sydney - City and Inner South,1GSYD,Greater Sydney,1,New South Wales,3.368,0,-33.956,151.215,0
331,117011321,11321,Botany,11701,Botany,117,Sydney - City and Inner South,1GSYD,Greater Sydney,1,New South Wales,3.431,0.19,-33.949,151.201,0.473
332,117011322,11322,Mascot - Eastlakes,11701,Botany,117,Sydney - City and Inner South,1GSYD,Greater Sydney,1,New South Wales,6.165,0.178,-33.929,151.201,0.449
333,117011323,11323,Pagewood - Hillsdale - Daceyville,11701,Botany,117,Sydney - City and Inner South,1GSYD,Greater Sydney,1,New South Wales,3.119,0.171,-33.941,151.223,0.424
334,117011324,11324,Port Botany Industrial,11701,Botany,117,Sydney - City and Inner South,1GSYD,Greater Sydney,1,New South Wales,2.804,0,-33.972,151.223,0
335,117011325,11325,Sydney Airport,11701,Botany,117,Sydney - City and Inner South,1GSYD,Greater Sydney,1,New South Wales,8.911,0,-33.944,151.179,0
336,117021326,11326,Marrickville,11702,Marrickville - Sydenham - Petersham,117,Sydney - City and Inner South,1GSYD,Greater Sydney,1,New South Wales,5.813,0.19,-33.911,151.156,0.53
337,117021327,11327,Petersham - Stanmore,11702,Marrickville - Sydenham - Petersham,117,Sydney - City and Inner South,1GSYD,Greater Sydney,1,New South Wales,3.003,0.208,-33.895,151.162,0.591
338,117021328,11328,Sydenham - Tempe - St Peters,11702,Marrickville - Sydenham - Petersham,117,Sydney - City and Inner South,1GSYD,Greater Sydney,1,New South Wales,3.854,0.199,-33.92,151.169,0.528
339,117031329,11329,Darlinghurst,11703,Sydney Inner City,117,Sydney - City and Inner South,1GSYD,Greater Sydney,1,New South Wales,0.857,0.227,-33.878,151.219,0.629
340,117031330,11330,Erskineville - Alexandria,11703,Sydney Inner City,117,Sydney - City and Inner South,1GSYD,Greater Sydney,1,New South Wales,4.32,0.23,-33.908,151.191,0.648
341,117031331,11331,Glebe - Forest Lodge,11703,Sydney Inner City,117,Sydney - City and Inner South,1GSYD,Greater Sydney,1,New South Wales,2.302,0.219,-33.879,151.185,0.606
342,117031332,11332,Newtown - Camperdown - Darlington,11703,Sydney Inner City,117,Sydney - City and Inner South,1GSYD,Greater Sydney,1,New South Wales,3.281,0.204,-33.894,151.182,0.589
343,117031333,11333,Potts Point - Woolloomooloo,11703,Sydney Inner City,117,Sydney - City and Inner South,1GSYD,Greater Sydney,1,New South Wales,1.459,0.217,-33.87,151.224,0.607
344,117031334,11334,Pyrmont - Ultimo,11703,Sydney Inner City,117,Sydney - City and Inner South,1GSYD,Greater Sydney,1,New South Wales,1.491,0.202,-33.873,151.195,0.543
345,117031335,11335,Redfern - Chippendale,11703,Sydney Inner City,117,Sydney - City and Inner South,1GSYD,Greater Sydney,1,New South Wales,2.163,0.203,-33.892,151.202,0.576
346,117031336,11336,Surry Hills,11703,Sydney Inner City,117,Sydney - City and Inner South,1GSYD,Greater Sydney,1,New South Wales,1.316,0.222,-33.886,151.212,0.618
347,117031337,11337,Sydney - Haymarket - The Rocks,11703,Sydney Inner City,117,Sydney - City and Inner South,1GSYD,Greater Sydney,1,New South Wales,4.293,0.169,-33.868,151.208,0.42
348,117031338,11338,Waterloo - Beaconsfield,11703,Sydney Inner City,117,Sydney - City and Inner South,1GSYD,Greater Sydney,1,New South Wales,3.581,0.211,-33.909,151.207,0.578
349,118011339,11339,Bondi - Tamarama - Bronte,11801,Eastern Suburbs - North,118,Sydney - Eastern Suburbs,1GSYD,Greater Sydney,1,New South Wales,2.496,0.222,-33.9,151.265,0.594
350,118011340,11340,Bondi Beach - North Bondi,11801,Eastern Suburbs - North,118,Sydney - Eastern Suburbs,1GSYD,Greater Sydney,1,New South Wales,2.461,0.223,-33.887,151.275,0.617
351,118011341,11341,Bondi Junction - Waverly,11801,Eastern Suburbs - North,118,Sydney - Eastern Suburbs,1GSYD,Greater Sydney,1,New South Wales,2.523,0.223,-33.897,151.251,0.603
352,118011342,11342,Centennial Park,11801,Eastern Suburbs - North,118,Sydney - Eastern Suburbs,1GSYD,Greater Sydney,1,New South Wales,1.979,0,-33.898,151.234,0
353,118011343,11343,Double Bay - Bellevue Hill,11801,Eastern Suburbs - North,118,Sydney - Eastern Suburbs,1GSYD,Greater Sydney,1,New South Wales,4.714,0.244,-33.878,151.25,0.662
354,118011344,11344,Dover Heights,11801,Eastern Suburbs - North,118,Sydney - Eastern Suburbs,1GSYD,Greater Sydney,1,New South Wales,1.871,0.224,-33.871,151.28,0.609
355,118011345,11345,Paddington - Moore Park,11801,Eastern Suburbs - North,118,Sydney - Eastern Suburbs,1GSYD,Greater Sydney,1,New South Wales,3.725,0.243,-33.89,151.225,0.663
356,118011346,11346,Rose Bay - Vaucluse - Watsons Bay,11801,Eastern Suburbs - North,118,Sydney - Eastern Suburbs,1GSYD,Greater Sydney,1,New South Wales,5.136,0.239,-33.86,151.274,0.639
357,118011347,11347,Woollahra,11801,Eastern Suburbs - North,118,Sydney - Eastern Suburbs,1GSYD,Greater Sydney,1,New South Wales,1.281,0.253,-33.887,151.244,0.69
358,118021348,11348,Coogee - Clovelly,11802,Eastern Suburbs - South,118,Sydney - Eastern Suburbs,1GSYD,Greater Sydney,1,New South Wales,3.836,0.227,-33.922,151.256,0.596
359,118021350,11350,Malabar - La Perouse - Chifley,11802,Eastern Suburbs - South,118,Sydney - Eastern Suburbs,1GSYD,Greater Sydney,1,New South Wales,11.825,0.192,-33.973,151.244,0.488
360,118021564,11564,Kensington (NSW),11802,Eastern Suburbs - South,118,Sydney - Eastern Suburbs,1GSYD,Greater Sydney,1,New South Wales,2.642,0.187,-33.913,151.221,0.516
361,118021565,11565,Kingsford,11802,Eastern Suburbs - South,118,Sydney - Eastern Suburbs,1GSYD,Greater Sydney,1,New South Wales,2.014,0.18,-33.925,151.229,0.487
362,118021566,11566,Maroubra - North,11802,Eastern Suburbs - South,118,Sydney - Eastern Suburbs,1GSYD,Greater Sydney,1,New South Wales,1.811,0.215,-33.939,151.25,0.574
363,118021567,11567,Maroubra - South,11802,Eastern Suburbs - South,118,Sydney - Eastern Suburbs,1GSYD,Greater Sydney,1,New South Wales,2.065,0.199,-33.948,151.249,0.513
364,118021568,11568,Maroubra - West,11802,Eastern Suburbs - South,118,Sydney - Eastern Suburbs,1GSYD,Greater Sydney,1,New South Wales,2.046,0.19,-33.944,151.234,0.504
365,118021569,11569,Randwick - North,11802,Eastern Suburbs - South,118,Sydney - Eastern Suburbs,1GSYD,Greater Sydney,1,New South Wales,1.936,0.22,-33.908,151.244,0.566
366,118021570,11570,Randwick - South,11802,Eastern Suburbs - South,118,Sydney - Eastern Suburbs,1GSYD,Greater Sydney,1,New South Wales,3.373,0.217,-33.92,151.239,0.554
367,119011354,11354,Bass Hill - Georges Hall,11901,Bankstown,119,Sydney - Inner South West,1GSYD,Greater Sydney,1,New South Wales,8.916,0.161,-33.901,150.988,0.397
368,119011355,11355,Chullora,11901,Bankstown,119,Sydney - Inner South West,1GSYD,Greater Sydney,1,New South Wales,4.05,0.183,-33.893,151.044,0.427
369,119011356,11356,Condell Park,11901,Bankstown,119,Sydney - Inner South West,1GSYD,Greater Sydney,1,New South Wales,10.004,0.161,-33.927,151,0.382
370,119011357,11357,Greenacre - Mount Lewis,11901,Bankstown,119,Sydney - Inner South West,1GSYD,Greater Sydney,1,New South Wales,6.982,0.155,-33.904,151.058,0.381
371,119011358,11358,Padstow,11901,Bankstown,119,Sydney - Inner South West,1GSYD,Greater Sydney,1,New South Wales,6.509,0.18,-33.958,151.032,0.467
372,119011359,11359,Panania - Milperra - Picnic Point,11901,Bankstown,119,Sydney - Inner South West,1GSYD,Greater Sydney,1,New South Wales,14.391,0.183,-33.956,150.993,0.465
373,119011360,11360,Revesby,11901,Bankstown,119,Sydney - Inner South West,1GSYD,Greater Sydney,1,New South Wales,5.093,0.176,-33.952,151.016,0.45
374,119011361,11361,Yagoona - Birrong,11901,Bankstown,119,Sydney - Inner South West,1GSYD,Greater Sydney,1,New South Wales,5.56,0.152,-33.902,151.02,0.354
375,119011571,11571,Bankstown - North,11901,Bankstown,119,Sydney - Inner South West,1GSYD,Greater Sydney,1,New South Wales,2.741,0.145,-33.913,151.031,0.349
376,119011572,11572,Bankstown - South,11901,Bankstown,119,Sydney - Inner South West,1GSYD,Greater Sydney,1,New South Wales,4.423,0.139,-33.928,151.032,0.328
377,119021362,11362,Belmore - Belfield,11902,Canterbury,119,Sydney - Inner South West,1GSYD,Greater Sydney,1,New South Wales,4.514,0.155,-33.913,151.088,0.384
378,119021363,11363,Canterbury (South) - Campsie,11902,Canterbury,119,Sydney - Inner South West,1GSYD,Greater Sydney,1,New South Wales,4.778,0.141,-33.914,151.105,0.33
379,119021364,11364,Kingsgrove (North) - Earlwood,11902,Canterbury,119,Sydney - Inner South West,1GSYD,Greater Sydney,1,New South Wales,8.202,0.186,-33.928,151.118,0.498
380,119021366,11366,Punchbowl,11902,Canterbury,119,Sydney - Inner South West,1GSYD,Greater Sydney,1,New South Wales,5.246,0.143,-33.931,151.052,0.323
381,119021367,11367,Roselands,11902,Canterbury,119,Sydney - Inner South West,1GSYD,Greater Sydney,1,New South Wales,3.646,0.167,-33.935,151.076,0.416
382,119021573,11573,Lakemba,11902,Canterbury,119,Sydney - Inner South West,1GSYD,Greater Sydney,1,New South Wales,2.187,0.129,-33.919,151.076,0.283
383,119021574,11574,Wiley Park,11902,Canterbury,119,Sydney - Inner South West,1GSYD,Greater Sydney,1,New South Wales,1.393,0.124,-33.924,151.067,0.294
384,119031368,11368,Hurstville,11903,Hurstville,119,Sydney - Inner South West,1GSYD,Greater Sydney,1,New South Wales,3.64,0.16,-33.96,151.101,0.406
385,119031369,11369,Mortdale - Penshurst,11903,Hurstville,119,Sydney - Inner South West,1GSYD,Greater Sydney,1,New South Wales,6.116,0.182,-33.971,151.074,0.465
386,119031370,11370,Narwee - Beverly Hills,11903,Hurstville,119,Sydney - Inner South West,1GSYD,Greater Sydney,1,New South Wales,3.391,0.168,-33.949,151.077,0.444
387,119031371,11371,Oatley - Hurstville Grove,11903,Hurstville,119,Sydney - Inner South West,1GSYD,Greater Sydney,1,New South Wales,4.355,0.205,-33.979,151.085,0.554
388,119031372,11372,Peakhurst - Lugarno,11903,Hurstville,119,Sydney - Inner South West,1GSYD,Greater Sydney,1,New South Wales,7.431,0.189,-33.971,151.052,0.498
389,119031373,11373,Riverwood,11903,Hurstville,119,Sydney - Inner South West,1GSYD,Greater Sydney,1,New South Wales,2.773,0.155,-33.949,151.052,0.392
390,119031374,11374,South Hurstville - Blakehurst,11903,Hurstville,119,Sydney - Inner South West,1GSYD,Greater Sydney,1,New South Wales,6.249,0.181,-33.984,151.106,0.474
391,119041375,11375,Arncliffe - Bardwell Valley,11904,Kogarah - Rockdale,119,Sydney - Inner South West,1GSYD,Greater Sydney,1,New South Wales,4.993,0.177,-33.937,151.145,0.47
392,119041376,11376,Bexley,11904,Kogarah - Rockdale,119,Sydney - Inner South West,1GSYD,Greater Sydney,1,New South Wales,5.278,0.165,-33.956,151.121,0.409
393,119041377,11377,Kingsgrove (South) - Bardwell Park,11904,Kogarah - Rockdale,119,Sydney - Inner South West,1GSYD,Greater Sydney,1,New South Wales,3.787,0.183,-33.942,151.11,0.494
394,119041378,11378,Kogarah,11904,Kogarah - Rockdale,119,Sydney - Inner South West,1GSYD,Greater Sydney,1,New South Wales,2.22,0.169,-33.968,151.137,0.408
395,119041379,11379,Kogarah Bay - Carlton - Allawah,11904,Kogarah - Rockdale,119,Sydney - Inner South West,1GSYD,Greater Sydney,1,New South Wales,3.503,0.173,-33.977,151.124,0.441
396,119041380,11380,Monterey - Brighton-le-Sands - Kyeemagh,11904,Kogarah - Rockdale,119,Sydney - Inner South West,1GSYD,Greater Sydney,1,New South Wales,3.38,0.181,-33.961,151.153,0.468
397,119041381,11381,Rockdale - Banksia,11904,Kogarah - Rockdale,119,Sydney - Inner South West,1GSYD,Greater Sydney,1,New South Wales,3.576,0.154,-33.951,151.141,0.367
398,119041382,11382,Sans Souci - Ramsgate,11904,Kogarah - Rockdale,119,Sydney - Inner South West,1GSYD,Greater Sydney,1,New South Wales,4.612,0.191,-33.992,151.137,0.488
399,120011383,11383,Concord - Mortlake - Cabarita,12001,Canada Bay,120,Sydney - Inner West,1GSYD,Greater Sydney,1,New South Wales,6.319,0.216,-33.854,151.106,0.567
400,120011384,11384,Concord West - North Strathfield,12001,Canada Bay,120,Sydney - Inner West,1GSYD,Greater Sydney,1,New South Wales,5.103,0.208,-33.844,151.089,0.568
401,120011385,11385,Drummoyne - Rodd Point,12001,Canada Bay,120,Sydney - Inner West,1GSYD,Greater Sydney,1,New South Wales,3.705,0.23,-33.856,151.149,0.611
402,120011386,11386,Five Dock - Abbotsford,12001,Canada Bay,120,Sydney - Inner West,1GSYD,Greater Sydney,1,New South Wales,4.62,0.22,-33.861,151.129,0.588
403,120021387,11387,Balmain,12002,Leichhardt,120,Sydney - Inner West,1GSYD,Greater Sydney,1,New South Wales,2.582,0.253,-33.856,151.181,0.678
404,120021388,11388,Leichhardt - Annandale,12002,Leichhardt,120,Sydney - Inner West,1GSYD,Greater Sydney,1,New South Wales,4.472,0.225,-33.881,151.161,0.617
405,120021389,11389,Lilyfield - Rozelle,12002,Leichhardt,120,Sydney - Inner West,1GSYD,Greater Sydney,1,New South Wales,3.604,0.248,-33.867,151.167,0.651
406,120031390,11390,Ashfield,12003,Strathfield - Burwood - Ashfield,120,Sydney - Inner West,1GSYD,Greater Sydney,1,New South Wales,3.67,0.173,-33.89,151.126,0.474
407,120031391,11391,Burwood - Croydon,12003,Strathfield - Burwood - Ashfield,120,Sydney - Inner West,1GSYD,Greater Sydney,1,New South Wales,4.493,0.173,-33.878,151.109,0.479
408,120031392,11392,Canterbury (North) - Ashbury,12003,Strathfield - Burwood - Ashfield,120,Sydney - Inner West,1GSYD,Greater Sydney,1,New South Wales,3.028,0.189,-33.906,151.122,0.521
409,120031393,11393,Croydon Park - Enfield,12003,Strathfield - Burwood - Ashfield,120,Sydney - Inner West,1GSYD,Greater Sydney,1,New South Wales,3.971,0.179,-33.895,151.103,0.485
410,120031394,11394,Dulwich Hill - Lewisham,12003,Strathfield - Burwood - Ashfield,120,Sydney - Inner West,1GSYD,Greater Sydney,1,New South Wales,2.702,0.206,-33.902,151.141,0.57
411,120031395,11395,Haberfield - Summer Hill,12003,Strathfield - Burwood - Ashfield,120,Sydney - Inner West,1GSYD,Greater Sydney,1,New South Wales,3.475,0.208,-33.882,151.139,0.578
412,120031396,11396,Homebush,12003,Strathfield - Burwood - Ashfield,120,Sydney - Inner West,1GSYD,Greater Sydney,1,New South Wales,3.843,0.173,-33.863,151.075,0.448
413,120031575,11575,Strathfield,12003,Strathfield - Burwood - Ashfield,120,Sydney - Inner West,1GSYD,Greater Sydney,1,New South Wales,6.452,0.186,-33.879,151.082,0.466
414,120031576,11576,Strathfield South,12003,Strathfield - Burwood - Ashfield,120,Sydney - Inner West,1GSYD,Greater Sydney,1,New South Wales,2.511,0.187,-33.895,151.077,0.534
415,121011398,11398,Chatswood (East) - Artarmon,12101,Chatswood - Lane Cove,121,Sydney - North Sydney and Hornsby,1GSYD,Greater Sydney,1,New South Wales,5.068,0.215,-33.798,151.188,0.591
416,121011399,11399,Chatswood (West) - Lane Cove North,12101,Chatswood - Lane Cove,121,Sydney - North Sydney and Hornsby,1GSYD,Greater Sydney,1,New South Wales,5.537,0.222,-33.801,151.165,0.601
417,121011400,11400,Lane Cove - Greenwich,12101,Chatswood - Lane Cove,121,Sydney - North Sydney and Hornsby,1GSYD,Greater Sydney,1,New South Wales,9.056,0.241,-33.822,151.167,0.636
418,121011401,11401,St Leonards - Naremburn,12101,Chatswood - Lane Cove,121,Sydney - North Sydney and Hornsby,1GSYD,Greater Sydney,1,New South Wales,2.761,0.254,-33.818,151.194,0.663
419,121011402,11402,Willoughby - Castle Cove - Northbridge,12101,Chatswood - Lane Cove,121,Sydney - North Sydney and Hornsby,1GSYD,Greater Sydney,1,New South Wales,10.752,0.239,-33.8,151.212,0.638
420,121021403,11403,Asquith - Mount Colah,12102,Hornsby,121,Sydney - North Sydney and Hornsby,1GSYD,Greater Sydney,1,New South Wales,34.685,0.197,-33.66,151.121,0.513
421,121021404,11404,Berowra - Brooklyn - Cowan,12102,Hornsby,121,Sydney - North Sydney and Hornsby,1GSYD,Greater Sydney,1,New South Wales,81.755,0.198,-33.583,151.177,0.509
422,121021406,11406,Normanhurst - Thornleigh - Westleigh,12102,Hornsby,121,Sydney - North Sydney and Hornsby,1GSYD,Greater Sydney,1,New South Wales,9.988,0.212,-33.719,151.082,0.573
423,121021577,11577,Hornsby - East,12102,Hornsby,121,Sydney - North Sydney and Hornsby,1GSYD,Greater Sydney,1,New South Wales,2.569,0.189,-33.701,151.107,0.493
424,121021578,11578,Hornsby - West,12102,Hornsby,121,Sydney - North Sydney and Hornsby,1GSYD,Greater Sydney,1,New South Wales,6.29,0.198,-33.696,151.091,0.541
425,121021579,11579,Waitara - Wahroonga (West),12102,Hornsby,121,Sydney - North Sydney and Hornsby,1GSYD,Greater Sydney,1,New South Wales,2.112,0.212,-33.711,151.109,0.577
426,121031407,11407,Gordon - Killara,12103,Ku-ring-gai,121,Sydney - North Sydney and Hornsby,1GSYD,Greater Sydney,1,New South Wales,11.671,0.236,-33.761,151.163,0.626
427,121031408,11408,Lindfield - Roseville,12103,Ku-ring-gai,121,Sydney - North Sydney and Hornsby,1GSYD,Greater Sydney,1,New South Wales,11.877,0.237,-33.778,151.176,0.628
428,121031409,11409,Pymble,12103,Ku-ring-gai,121,Sydney - North Sydney and Hornsby,1GSYD,Greater Sydney,1,New South Wales,10.251,0.242,-33.752,151.137,0.624
429,121031410,11410,St Ives,12103,Ku-ring-gai,121,Sydney - North Sydney and Hornsby,1GSYD,Greater Sydney,1,New South Wales,17.778,0.232,-33.721,151.171,0.622
430,121031411,11411,Turramurra,12103,Ku-ring-gai,121,Sydney - North Sydney and Hornsby,1GSYD,Greater Sydney,1,New South Wales,20.643,0.232,-33.711,151.14,0.626
431,121031412,11412,Wahroonga (East) - Warrawee,12103,Ku-ring-gai,121,Sydney - North Sydney and Hornsby,1GSYD,Greater Sydney,1,New South Wales,13.327,0.237,-33.716,151.121,0.606
432,121041413,11413,Cremorne - Cammeray,12104,North Sydney - Mosman,121,Sydney - North Sydney and Hornsby,1GSYD,Greater Sydney,1,New South Wales,3.239,0.25,-33.827,151.222,0.677
433,121041414,11414,Crows Nest - Waverton,12104,North Sydney - Mosman,121,Sydney - North Sydney and Hornsby,1GSYD,Greater Sydney,1,New South Wales,2.961,0.249,-33.832,151.2,0.679
434,121041415,11415,Mosman,12104,North Sydney - Mosman,121,Sydney - North Sydney and Hornsby,1GSYD,Greater Sydney,1,New South Wales,8.65,0.25,-33.829,151.245,0.665
435,121041416,11416,Neutral Bay - Kirribilli,12104,North Sydney - Mosman,121,Sydney - North Sydney and Hornsby,1GSYD,Greater Sydney,1,New South Wales,2.211,0.248,-33.839,151.218,0.676
436,121041417,11417,North Sydney - Lavender Bay,12104,North Sydney - Mosman,121,Sydney - North Sydney and Hornsby,1GSYD,Greater Sydney,1,New South Wales,1.914,0.258,-33.839,151.207,0.705
437,122011418,11418,Balgowlah - Clontarf - Seaforth,12201,Manly,122,Sydney - Northern Beaches,1GSYD,Greater Sydney,1,New South Wales,7.61,0.236,-33.798,151.254,0.623
438,122011419,11419,Manly - Fairlight,12201,Manly,122,Sydney - Northern Beaches,1GSYD,Greater Sydney,1,New South Wales,6.735,0.241,-33.803,151.288,0.643
439,122021420,11420,Avalon - Palm Beach,12202,Pittwater,122,Sydney - Northern Beaches,1GSYD,Greater Sydney,1,New South Wales,8.606,0.198,-33.619,151.326,0.529
440,122021421,11421,Bayview - Elanora Heights,12202,Pittwater,122,Sydney - Northern Beaches,1GSYD,Greater Sydney,1,New South Wales,64.583,0.205,-33.633,151.266,0.534
441,122021422,11422,Newport - Bilgola,12202,Pittwater,122,Sydney - Northern Beaches,1GSYD,Greater Sydney,1,New South Wales,5.798,0.2,-33.652,151.316,0.53
442,122021423,11423,Warriewood - Mona Vale,12202,Pittwater,122,Sydney - Northern Beaches,1GSYD,Greater Sydney,1,New South Wales,11.663,0.192,-33.686,151.298,0.492
443,122031424,11424,Beacon Hill - Narraweena,12203,Warringah,122,Sydney - Northern Beaches,1GSYD,Greater Sydney,1,New South Wales,4.341,0.185,-33.751,151.264,0.48
444,122031425,11425,Cromer,12203,Warringah,122,Sydney - Northern Beaches,1GSYD,Greater Sydney,1,New South Wales,7.492,0.191,-33.732,151.267,0.502
445,122031426,11426,Dee Why - North Curl Curl,12203,Warringah,122,Sydney - Northern Beaches,1GSYD,Greater Sydney,1,New South Wales,4.073,0.182,-33.756,151.29,0.456
446,122031427,11427,Forestville - Killarney Heights,12203,Warringah,122,Sydney - Northern Beaches,1GSYD,Greater Sydney,1,New South Wales,8.931,0.218,-33.767,151.216,0.584
447,122031428,11428,Frenchs Forest - Belrose,12203,Warringah,122,Sydney - Northern Beaches,1GSYD,Greater Sydney,1,New South Wales,30.132,0.21,-33.732,151.219,0.561
448,122031429,11429,Freshwater - Brookvale,12203,Warringah,122,Sydney - Northern Beaches,1GSYD,Greater Sydney,1,New South Wales,7.184,0.216,-33.771,151.278,0.55
449,122031430,11430,Manly Vale - Allambie Heights,12203,Warringah,122,Sydney - Northern Beaches,1GSYD,Greater Sydney,1,New South Wales,9.354,0.207,-33.774,151.251,0.548
450,122031431,11431,Narrabeen - Collaroy,12203,Warringah,122,Sydney - Northern Beaches,1GSYD,Greater Sydney,1,New South Wales,7.162,0.197,-33.729,151.294,0.513
451,122031432,11432,Terrey Hills - Duffys Forest,12203,Warringah,122,Sydney - Northern Beaches,1GSYD,Greater Sydney,1,New South Wales,70.544,0.205,-33.67,151.212,0.51
452,123011433,11433,Camden - Ellis Lane,12301,Camden,123,Sydney - Outer South West,1GSYD,Greater Sydney,1,New South Wales,26.193,0.189,-34.065,150.682,0.448
453,123011434,11434,Elderslie - Harrington Park,12301,Camden,123,Sydney - Outer South West,1GSYD,Greater Sydney,1,New South Wales,21.541,0.185,-34.038,150.725,0.435
454,123011435,11435,Mount Annan - Currans Hill,12301,Camden,123,Sydney - Outer South West,1GSYD,Greater Sydney,1,New South Wales,26.134,0.179,-34.059,150.753,0.409
455,123021436,11436,Bradbury - Wedderburn,12302,Campbelltown (NSW),123,Sydney - Outer South West,1GSYD,Greater Sydney,1,New South Wales,36.656,0.155,-34.127,150.822,0.354
456,123021437,11437,Campbelltown - Woodbine,12302,Campbelltown (NSW),123,Sydney - Outer South West,1GSYD,Greater Sydney,1,New South Wales,13.748,0.164,-34.065,150.808,0.373
457,123021438,11438,Claymore - Eagle Vale - Raby,12302,Campbelltown (NSW),123,Sydney - Outer South West,1GSYD,Greater Sydney,1,New South Wales,22.917,0.156,-34.025,150.807,0.359
458,123021439,11439,Holsworthy Military Area,12302,Campbelltown (NSW),123,Sydney - Outer South West,1GSYD,Greater Sydney,1,New South Wales,129.823,0,-34.101,150.9,0
459,123021440,11440,Ingleburn - Denham Court,12302,Campbelltown (NSW),123,Sydney - Outer South West,1GSYD,Greater Sydney,1,New South Wales,30.919,0.17,-33.99,150.85,0.406
460,123021441,11441,Leumeah - Minto Heights,12302,Campbelltown (NSW),123,Sydney - Outer South West,1GSYD,Greater Sydney,1,New South Wales,23.646,0.16,-34.054,150.861,0.383
461,123021442,11442,Macquarie Fields - Glenfield,12302,Campbelltown (NSW),123,Sydney - Outer South West,1GSYD,Greater Sydney,1,New South Wales,16.018,0.159,-33.985,150.894,0.375
462,123021443,11443,Minto - St Andrews,12302,Campbelltown (NSW),123,Sydney - Outer South West,1GSYD,Greater Sydney,1,New South Wales,12.413,0.155,-34.028,150.845,0.349
463,123021444,11444,Rosemeadow - Glen Alpine,12302,Campbelltown (NSW),123,Sydney - Outer South West,1GSYD,Greater Sydney,1,New South Wales,48.083,0.162,-34.12,150.774,0.367
464,123031445,11445,Bargo,12303,Wollondilly,123,Sydney - Outer South West,1GSYD,Greater Sydney,1,New South Wales,67.771,0.163,-34.273,150.599,0.317
465,123031446,11446,Douglas Park - Appin,12303,Wollondilly,123,Sydney - Outer South West,1GSYD,Greater Sydney,1,New South Wales,289.946,0.187,-34.181,150.73,0.414
466,123031447,11447,Picton - Tahmoor - Buxton,12303,Wollondilly,123,Sydney - Outer South West,1GSYD,Greater Sydney,1,New South Wales,189.908,0.171,-34.193,150.544,0.36
467,123031448,11448,The Oaks - Oakdale,12303,Wollondilly,123,Sydney - Outer South West,1GSYD,Greater Sydney,1,New South Wales,322.735,0.168,-34.058,150.55,0.348
468,124011449,11449,Blackheath - Megalong Valley,12401,Blue Mountains,124,Sydney - Outer West and Blue Mountains,1GSYD,Greater Sydney,1,New South Wales,139.217,0.165,-33.674,150.246,0.415
469,124011450,11450,Blaxland - Warrimoo - Lapstone,12401,Blue Mountains,124,Sydney - Outer West and Blue Mountains,1GSYD,Greater Sydney,1,New South Wales,29.694,0.2,-33.742,150.621,0.516
470,124011451,11451,Blue Mountains - North,12401,Blue Mountains,124,Sydney - Outer West and Blue Mountains,1GSYD,Greater Sydney,1,New South Wales,595.037,0,-33.602,150.445,0
471,124011452,11452,Katoomba - Leura,12401,Blue Mountains,124,Sydney - Outer West and Blue Mountains,1GSYD,Greater Sydney,1,New South Wales,40.873,0.154,-33.703,150.309,0.411
472,124011453,11453,Lawson - Hazelbrook - Linden,12401,Blue Mountains,124,Sydney - Outer West and Blue Mountains,1GSYD,Greater Sydney,1,New South Wales,46.887,0.177,-33.724,150.462,0.449
473,124011454,11454,Springwood - Winmalee,12401,Blue Mountains,124,Sydney - Outer West and Blue Mountains,1GSYD,Greater Sydney,1,New South Wales,69.665,0.189,-33.69,150.595,0.473
474,124011455,11455,Wentworth Falls,12401,Blue Mountains,124,Sydney - Outer West and Blue Mountains,1GSYD,Greater Sydney,1,New South Wales,21.036,0.182,-33.722,150.38,0.467
475,124021456,11456,Blue Mountains - South,12402,Blue Mountains - South,124,Sydney - Outer West and Blue Mountains,1GSYD,Greater Sydney,1,New South Wales,2456.909,0,-33.993,150.288,0
476,124031457,11457,Cambridge Park,12403,Penrith,124,Sydney - Outer West and Blue Mountains,1GSYD,Greater Sydney,1,New South Wales,6.587,0.163,-33.746,150.734,0.365
477,124031458,11458,Castlereagh - Cranebrook,12403,Penrith,124,Sydney - Outer West and Blue Mountains,1GSYD,Greater Sydney,1,New South Wales,71.517,0.173,-33.7,150.707,0.4
478,124031459,11459,Emu Plains - Leonay,12403,Penrith,124,Sydney - Outer West and Blue Mountains,1GSYD,Greater Sydney,1,New South Wales,13.794,0.185,-33.746,150.658,0.451
479,124031460,11460,Glenmore Park - Regentville,12403,Penrith,124,Sydney - Outer West and Blue Mountains,1GSYD,Greater Sydney,1,New South Wales,9.233,0.181,-33.786,150.677,0.439
480,124031461,11461,Jamisontown - South Penrith,12403,Penrith,124,Sydney - Outer West and Blue Mountains,1GSYD,Greater Sydney,1,New South Wales,9.018,0.17,-33.771,150.689,0.398
481,124031462,11462,Kingswood - Werrington,12403,Penrith,124,Sydney - Outer West and Blue Mountains,1GSYD,Greater Sydney,1,New South Wales,14.023,0.163,-33.766,150.74,0.371
482,124031463,11463,Mulgoa - Luddenham - Orchard Hills,12403,Penrith,124,Sydney - Outer West and Blue Mountains,1GSYD,Greater Sydney,1,New South Wales,158.678,0.189,-33.835,150.69,0.43
483,124031464,11464,Penrith,12403,Penrith,124,Sydney - Outer West and Blue Mountains,1GSYD,Greater Sydney,1,New South Wales,10.394,0.165,-33.748,150.697,0.383
484,124031465,11465,Warragamba - Silverdale,12403,Penrith,124,Sydney - Outer West and Blue Mountains,1GSYD,Greater Sydney,1,New South Wales,63.614,0.17,-33.918,150.599,0.362
485,124041466,11466,Richmond - Clarendon,12404,Richmond - Windsor,124,Sydney - Outer West and Blue Mountains,1GSYD,Greater Sydney,1,New South Wales,74.673,0.162,-33.59,150.749,0.34
486,124041467,11467,Windsor - Bligh Park,12404,Richmond - Windsor,124,Sydney - Outer West and Blue Mountains,1GSYD,Greater Sydney,1,New South Wales,22.73,0.162,-33.636,150.809,0.352
487,124041468,11468,Yarramundi - Londonderry,12404,Richmond - Windsor,124,Sydney - Outer West and Blue Mountains,1GSYD,Greater Sydney,1,New South Wales,81.436,0.162,-33.652,150.727,0.342
488,124051469,11469,Erskine Park,12405,St Marys,124,Sydney - Outer West and Blue Mountains,1GSYD,Greater Sydney,1,New South Wales,8.394,0.167,-33.813,150.798,0.39
489,124051470,11470,St Clair,12405,St Marys,124,Sydney - Outer West and Blue Mountains,1GSYD,Greater Sydney,1,New South Wales,7.204,0.164,-33.797,150.785,0.371
490,124051580,11580,Colyton - Oxley Park,12405,St Marys,124,Sydney - Outer West and Blue Mountains,1GSYD,Greater Sydney,1,New South Wales,4.652,0.15,-33.779,150.796,0.34
491,124051581,11581,St Marys - North St Marys,12405,St Marys,124,Sydney - Outer West and Blue Mountains,1GSYD,Greater Sydney,1,New South Wales,12.865,0.148,-33.76,150.775,0.317
492,125011473,11473,Homebush Bay - Silverwater,12501,Auburn,125,Sydney - Parramatta,1GSYD,Greater Sydney,1,New South Wales,11.262,0.217,-33.838,151.062,0.564
493,125011475,11475,Rookwood Cemetery,12501,Auburn,125,Sydney - Parramatta,1GSYD,Greater Sydney,1,New South Wales,3.015,0,-33.874,151.056,0
494,125011582,11582,Auburn - Central,12501,Auburn,125,Sydney - Parramatta,1GSYD,Greater Sydney,1,New South Wales,3.733,0.126,-33.852,151.025,0.254
495,125011583,11583,Auburn - North,12501,Auburn,125,Sydney - Parramatta,1GSYD,Greater Sydney,1,New South Wales,2.097,0.119,-33.842,151.033,0.22
496,125011584,11584,Auburn - South,12501,Auburn,125,Sydney - Parramatta,1GSYD,Greater Sydney,1,New South Wales,2.431,0.148,-33.869,151.021,0.324
497,125011585,11585,Berala,12501,Auburn,125,Sydney - Parramatta,1GSYD,Greater Sydney,1,New South Wales,2.087,0.138,-33.874,151.034,0.306
498,125011586,11586,Lidcombe,12501,Auburn,125,Sydney - Parramatta,1GSYD,Greater Sydney,1,New South Wales,6.404,0.155,-33.863,151.046,0.357
499,125011587,11587,Regents Park,12501,Auburn,125,Sydney - Parramatta,1GSYD,Greater Sydney,1,New South Wales,2.033,0.148,-33.883,151.026,0.329
500,125021476,11476,Carlingford,12502,Carlingford,125,Sydney - Parramatta,1GSYD,Greater Sydney,1,New South Wales,9.746,0.198,-33.774,151.047,0.533
501,125021477,11477,Ermington - Rydalmere,12502,Carlingford,125,Sydney - Parramatta,1GSYD,Greater Sydney,1,New South Wales,9.865,0.182,-33.811,151.05,0.464
502,125021478,11478,Oatlands - Dundas Valley,12502,Carlingford,125,Sydney - Parramatta,1GSYD,Greater Sydney,1,New South Wales,6.076,0.184,-33.794,151.04,0.49
503,125031479,11479,Chester Hill - Sefton,12503,Merrylands - Guildford,125,Sydney - Parramatta,1GSYD,Greater Sydney,1,New South Wales,7.268,0.152,-33.882,150.998,0.347
504,125031480,11480,Fairfield - East,12503,Merrylands - Guildford,125,Sydney - Parramatta,1GSYD,Greater Sydney,1,New South Wales,5.712,0.139,-33.874,150.973,0.294
505,125031481,11481,Granville - Clyde,12503,Merrylands - Guildford,125,Sydney - Parramatta,1GSYD,Greater Sydney,1,New South Wales,5.608,0.145,-33.838,151.007,0.325
506,125031482,11482,Greystanes - Pemulwuy,12503,Merrylands - Guildford,125,Sydney - Parramatta,1GSYD,Greater Sydney,1,New South Wales,11.849,0.186,-33.824,150.937,0.466
507,125031483,11483,Guildford - South Granville,12503,Merrylands - Guildford,125,Sydney - Parramatta,1GSYD,Greater Sydney,1,New South Wales,6.796,0.144,-33.859,151.002,0.323
508,125031484,11484,Guildford West - Merrylands West,12503,Merrylands - Guildford,125,Sydney - Parramatta,1GSYD,Greater Sydney,1,New South Wales,5.465,0.157,-33.845,150.97,0.364
509,125031485,11485,Merrylands - Holroyd,12503,Merrylands - Guildford,125,Sydney - Parramatta,1GSYD,Greater Sydney,1,New South Wales,6.719,0.16,-33.831,150.98,0.382
510,125031486,11486,Smithfield Industrial,12503,Merrylands - Guildford,125,Sydney - Parramatta,1GSYD,Greater Sydney,1,New South Wales,4.302,0,-33.843,150.944,0
511,125031487,11487,Yennora Industrial,12503,Merrylands - Guildford,125,Sydney - Parramatta,1GSYD,Greater Sydney,1,New South Wales,2.079,0,-33.86,150.966,0
512,125041489,11489,North Parramatta,12504,Parramatta,125,Sydney - Parramatta,1GSYD,Greater Sydney,1,New South Wales,7.061,0.195,-33.799,151.012,0.52
513,125041490,11490,North Rocks,12504,Parramatta,125,Sydney - Parramatta,1GSYD,Greater Sydney,1,New South Wales,5.376,0.208,-33.772,151.017,0.567
514,125041491,11491,Northmead,12504,Parramatta,125,Sydney - Parramatta,1GSYD,Greater Sydney,1,New South Wales,5.933,0.207,-33.79,150.994,0.52
515,125041492,11492,Parramatta - Rosehill,12504,Parramatta,125,Sydney - Parramatta,1GSYD,Greater Sydney,1,New South Wales,8.497,0.188,-33.822,151.017,0.499
516,125041493,11493,Toongabbie - Constitution Hill,12504,Parramatta,125,Sydney - Parramatta,1GSYD,Greater Sydney,1,New South Wales,7.48,0.187,-33.792,150.967,0.472
517,125041494,11494,Winston Hills,12504,Parramatta,125,Sydney - Parramatta,1GSYD,Greater Sydney,1,New South Wales,4.348,0.202,-33.776,150.979,0.526
518,125041588,11588,Pendle Hill - Girraween,12504,Parramatta,125,Sydney - Parramatta,1GSYD,Greater Sydney,1,New South Wales,4.462,0.18,-33.804,150.948,0.46
519,125041589,11589,Wentworthville - Westmead,12504,Parramatta,125,Sydney - Parramatta,1GSYD,Greater Sydney,1,New South Wales,3.936,0.189,-33.813,150.977,0.487
520,126011495,11495,Epping - North Epping,12601,Pennant Hills - Epping,126,Sydney - Ryde,1GSYD,Greater Sydney,1,New South Wales,8.881,0.209,-33.769,151.081,0.588
521,126011496,11496,Pennant Hills - Cheltenham,12601,Pennant Hills - Epping,126,Sydney - Ryde,1GSYD,Greater Sydney,1,New South Wales,13.294,0.228,-33.744,151.069,0.603
522,126021497,11497,Eastwood - Denistone,12602,Ryde - Hunters Hill,126,Sydney - Ryde,1GSYD,Greater Sydney,1,New South Wales,7.82,0.195,-33.792,151.086,0.528
523,126021498,11498,Gladesville - Huntleys Point,12602,Ryde - Hunters Hill,126,Sydney - Ryde,1GSYD,Greater Sydney,1,New South Wales,4.716,0.223,-33.83,151.128,0.591
524,126021499,11499,Hunters Hill - Woolwich,12602,Ryde - Hunters Hill,126,Sydney - Ryde,1GSYD,Greater Sydney,1,New South Wales,4.151,0.243,-33.832,151.149,0.607
525,126021500,11500,Macquarie Park - Marsfield,12602,Ryde - Hunters Hill,126,Sydney - Ryde,1GSYD,Greater Sydney,1,New South Wales,10.672,0.203,-33.779,151.119,0.579
526,126021501,11501,North Ryde - East Ryde,12602,Ryde - Hunters Hill,126,Sydney - Ryde,1GSYD,Greater Sydney,1,New South Wales,6.223,0.21,-33.799,151.131,0.552
527,126021503,11503,West Ryde - Meadowbank,12602,Ryde - Hunters Hill,126,Sydney - Ryde,1GSYD,Greater Sydney,1,New South Wales,4.792,0.198,-33.81,151.084,0.541
528,126021590,11590,Putney,12602,Ryde - Hunters Hill,126,Sydney - Ryde,1GSYD,Greater Sydney,1,New South Wales,1.519,0.209,-33.826,151.106,0.54
529,126021591,11591,Ryde,12602,Ryde - Hunters Hill,126,Sydney - Ryde,1GSYD,Greater Sydney,1,New South Wales,7.268,0.197,-33.81,151.112,0.527
530,127011504,11504,Ashcroft - Busby - Miller,12701,Bringelly - Green Valley,127,Sydney - South West,1GSYD,Greater Sydney,1,New South Wales,5.463,0.127,-33.915,150.887,0.252
531,127011505,11505,Austral - Greendale,12701,Bringelly - Green Valley,127,Sydney - South West,1GSYD,Greater Sydney,1,New South Wales,110.715,0.148,-33.918,150.741,0.331
532,127011506,11506,Cobbitty - Leppington,12701,Bringelly - Green Valley,127,Sydney - South West,1GSYD,Greater Sydney,1,New South Wales,132.138,0.182,-33.983,150.729,0.426
533,127011592,11592,Badgerys Creek,12701,Bringelly - Green Valley,127,Sydney - South West,1GSYD,Greater Sydney,1,New South Wales,17.577,0.113,-33.89,150.721,0
534,127011593,11593,Cecil Hills,12701,Bringelly - Green Valley,127,Sydney - South West,1GSYD,Greater Sydney,1,New South Wales,3.748,0.167,-33.889,150.848,0.418
535,127011594,11594,Green Valley,12701,Bringelly - Green Valley,127,Sydney - South West,1GSYD,Greater Sydney,1,New South Wales,3.215,0.149,-33.903,150.867,0.347
536,127011595,11595,Hinchinbrook,12701,Bringelly - Green Valley,127,Sydney - South West,1GSYD,Greater Sydney,1,New South Wales,5.225,0.156,-33.913,150.859,0.352
537,127011596,11596,Hoxton Park - Carnes Hill - Horningsea Park,12701,Bringelly - Green Valley,127,Sydney - South West,1GSYD,Greater Sydney,1,New South Wales,4.126,0.165,-33.936,150.85,0.396
538,127011597,11597,West Hoxton - Middleton Grange,12701,Bringelly - Green Valley,127,Sydney - South West,1GSYD,Greater Sydney,1,New South Wales,9.263,0.178,-33.929,150.835,0.428
539,127021509,11509,Bonnyrigg Heights - Bonnyrigg,12702,Fairfield,127,Sydney - South West,1GSYD,Greater Sydney,1,New South Wales,5.189,0.147,-33.893,150.881,0.336
540,127021510,11510,Bossley Park - Abbotsbury,12702,Fairfield,127,Sydney - South West,1GSYD,Greater Sydney,1,New South Wales,9.515,0.165,-33.866,150.872,0.408
541,127021511,11511,Cabramatta - Lansvale,12702,Fairfield,127,Sydney - South West,1GSYD,Greater Sydney,1,New South Wales,7.596,0.125,-33.899,150.946,0.281
542,127021512,11512,Cabramatta West - Mount Pritchard,12702,Fairfield,127,Sydney - South West,1GSYD,Greater Sydney,1,New South Wales,5.343,0.14,-33.899,150.908,0.306
543,127021513,11513,Canley Vale - Canley Heights,12702,Fairfield,127,Sydney - South West,1GSYD,Greater Sydney,1,New South Wales,5.416,0.134,-33.884,150.936,0.312
544,127021514,11514,Edensor Park,12702,Fairfield,127,Sydney - South West,1GSYD,Greater Sydney,1,New South Wales,3.096,0.154,-33.88,150.878,0.375
545,127021515,11515,Fairfield,12702,Fairfield,127,Sydney - South West,1GSYD,Greater Sydney,1,New South Wales,4.23,0.14,-33.871,150.952,0.315
546,127021516,11516,Fairfield - West,12702,Fairfield,127,Sydney - South West,1GSYD,Greater Sydney,1,New South Wales,4.692,0.141,-33.868,150.93,0.307
547,127021517,11517,Greenfield Park - Prairiewood,12702,Fairfield,127,Sydney - South West,1GSYD,Greater Sydney,1,New South Wales,3.637,0.157,-33.868,150.9,0.376
548,127021518,11518,Horsley Park - Kemps Creek,12702,Fairfield,127,Sydney - South West,1GSYD,Greater Sydney,1,New South Wales,56.277,0.163,-33.849,150.82,0.401
549,127021519,11519,Smithfield - Wetherill Park,12702,Fairfield,127,Sydney - South West,1GSYD,Greater Sydney,1,New South Wales,6.612,0.154,-33.853,150.926,0.35
550,127021520,11520,St Johns Park - Wakeley,12702,Fairfield,127,Sydney - South West,1GSYD,Greater Sydney,1,New South Wales,3.611,0.152,-33.879,150.905,0.368
551,127021521,11521,Wetherill Park Industrial,12702,Fairfield,127,Sydney - South West,1GSYD,Greater Sydney,1,New South Wales,8.557,0.145,-33.84,150.899,0.444
552,127031522,11522,Casula,12703,Liverpool,127,Sydney - South West,1GSYD,Greater Sydney,1,New South Wales,7.072,0.168,-33.952,150.899,0.397
553,127031523,11523,Chipping Norton - Moorebank,12703,Liverpool,127,Sydney - South West,1GSYD,Greater Sydney,1,New South Wales,14.49,0.185,-33.927,150.953,0.462
554,127031524,11524,Holsworthy - Wattle Grove,12703,Liverpool,127,Sydney - South West,1GSYD,Greater Sydney,1,New South Wales,73.7,0.187,-33.991,150.944,0.448
555,127031598,11598,Liverpool,12703,Liverpool,127,Sydney - South West,1GSYD,Greater Sydney,1,New South Wales,6.319,0.147,-33.923,150.916,0.311
556,127031599,11599,Lurnea - Cartwright,12703,Liverpool,127,Sydney - South West,1GSYD,Greater Sydney,1,New South Wales,3.467,0.138,-33.933,150.895,0.302
557,127031600,11600,Prestons - Edmondson Park,12703,Liverpool,127,Sydney - South West,1GSYD,Greater Sydney,1,New South Wales,14.132,0.174,-33.948,150.867,0.404
558,127031601,11601,Warwick Farm,12703,Liverpool,127,Sydney - South West,1GSYD,Greater Sydney,1,New South Wales,4.65,0.147,-33.913,150.937,0.295
559,128011529,11529,Gymea - Grays Point,12801,Cronulla - Miranda - Caringbah,128,Sydney - Sutherland,1GSYD,Greater Sydney,1,New South Wales,5.798,0.202,-34.046,151.085,0.502
560,128011530,11530,Miranda - Yowie Bay,12801,Cronulla - Miranda - Caringbah,128,Sydney - Sutherland,1GSYD,Greater Sydney,1,New South Wales,5.997,0.19,-34.036,151.103,0.463
561,128011531,11531,Sylvania - Taren Point,12801,Cronulla - Miranda - Caringbah,128,Sydney - Sutherland,1GSYD,Greater Sydney,1,New South Wales,6.073,0.193,-34.015,151.107,0.497
562,128011602,11602,Caringbah,12801,Cronulla - Miranda - Caringbah,128,Sydney - Sutherland,1GSYD,Greater Sydney,1,New South Wales,3.996,0.186,-34.037,151.124,0.44
563,128011603,11603,Caringbah South,12801,Cronulla - Miranda - Caringbah,128,Sydney - Sutherland,1GSYD,Greater Sydney,1,New South Wales,4.07,0.209,-34.054,151.121,0.522
564,128011604,11604,Cronulla - Kurnell - Bundeena,12801,Cronulla - Miranda - Caringbah,128,Sydney - Sutherland,1GSYD,Greater Sydney,1,New South Wales,25.087,0.198,-34.032,151.185,0.489
565,128011605,11605,Lilli Pilli - Port Hacking - Dolans Bay,12801,Cronulla - Miranda - Caringbah,128,Sydney - Sutherland,1GSYD,Greater Sydney,1,New South Wales,1.271,0.221,-34.067,151.12,0.548
566,128011606,11606,Woolaware - Burraneer,12801,Cronulla - Miranda - Caringbah,128,Sydney - Sutherland,1GSYD,Greater Sydney,1,New South Wales,3.328,0.21,-34.052,151.139,0.529
567,128021533,11533,Heathcote - Waterfall,12802,Sutherland - Menai - Heathcote,128,Sydney - Sutherland,1GSYD,Greater Sydney,1,New South Wales,27.616,0.193,-34.106,150.981,0.451
568,128021534,11534,Illawong - Alfords Point,12802,Sutherland - Menai - Heathcote,128,Sydney - Sutherland,1GSYD,Greater Sydney,1,New South Wales,7.298,0.199,-33.995,151.034,0.514
569,128021535,11535,Menai - Lucas Heights - Woronora,12802,Sutherland - Menai - Heathcote,128,Sydney - Sutherland,1GSYD,Greater Sydney,1,New South Wales,33.405,0.199,-34.022,151.001,0.503
570,128021536,11536,Oyster Bay - Como - Jannali,12802,Sutherland - Menai - Heathcote,128,Sydney - Sutherland,1GSYD,Greater Sydney,1,New South Wales,8.905,0.212,-34.01,151.07,0.535
571,128021537,11537,Royal National Park,12802,Sutherland - Menai - Heathcote,128,Sydney - Sutherland,1GSYD,Greater Sydney,1,New South Wales,139.334,0.173,-34.111,151.068,1
572,128021538,11538,Sutherland - Kirrawee,12802,Sutherland - Menai - Heathcote,128,Sydney - Sutherland,1GSYD,Greater Sydney,1,New South Wales,7.755,0.194,-34.032,151.064,0.487
573,128021607,11607,Engadine,12802,Sutherland - Menai - Heathcote,128,Sydney - Sutherland,1GSYD,Greater Sydney,1,New South Wales,8.954,0.191,-34.055,151.014,0.453
574,128021608,11608,Loftus - Yarrawarrah,12802,Sutherland - Menai - Heathcote,128,Sydney - Sutherland,1GSYD,Greater Sydney,1,New South Wales,3.844,0.202,-34.049,151.039,0.495
575,128021609,11609,Woronora Heights,12802,Sutherland - Menai - Heathcote,128,Sydney - Sutherland,1GSYD,Greater Sydney,1,New South Wales,3.137,0.201,-34.034,151.029,0.485
682,206011105,21105,Brunswick,20601,Brunswick - Coburg,206,Melbourne - Inner,2GMEL,Greater Melbourne,2,Victoria,5.143,0.192,-37.766,144.961,0.544
683,206011106,21106,Brunswick East,20601,Brunswick - Coburg,206,Melbourne - Inner,2GMEL,Greater Melbourne,2,Victoria,2.168,0.198,-37.769,144.978,0.566
684,206011107,21107,Brunswick West,20601,Brunswick - Coburg,206,Melbourne - Inner,2GMEL,Greater Melbourne,2,Victoria,3.18,0.187,-37.763,144.943,0.521
685,206011108,21108,Coburg,20601,Brunswick - Coburg,206,Melbourne - Inner,2GMEL,Greater Melbourne,2,Victoria,6.935,0.186,-37.745,144.964,0.506
686,206011109,21109,Pascoe Vale South,20601,Brunswick - Coburg,206,Melbourne - Inner,2GMEL,Greater Melbourne,2,Victoria,2.989,0.193,-37.743,144.938,0.503
687,206021110,21110,Alphington - Fairfield,20602,Darebin - South,206,Melbourne - Inner,2GMEL,Greater Melbourne,2,Victoria,2.885,0.206,-37.774,145.025,0.557
688,206021111,21111,Northcote,20602,Darebin - South,206,Melbourne - Inner,2GMEL,Greater Melbourne,2,Victoria,6.145,0.206,-37.772,145,0.572
689,206021112,21112,Thornbury,20602,Darebin - South,206,Melbourne - Inner,2GMEL,Greater Melbourne,2,Victoria,4.997,0.191,-37.758,145.006,0.53
690,206031113,21113,Ascot Vale,20603,Essendon,206,Melbourne - Inner,2GMEL,Greater Melbourne,2,Victoria,3.836,0.208,-37.777,144.914,0.532
691,206031114,21114,Essendon - Aberfeldie,20603,Essendon,206,Melbourne - Inner,2GMEL,Greater Melbourne,2,Victoria,8.443,0.203,-37.751,144.908,0.525
692,206031115,21115,Flemington,20603,Essendon,206,Melbourne - Inner,2GMEL,Greater Melbourne,2,Victoria,1.581,0.191,-37.784,144.931,0.532
693,206031116,21116,Moonee Ponds,20603,Essendon,206,Melbourne - Inner,2GMEL,Greater Melbourne,2,Victoria,4.355,0.212,-37.766,144.921,0.559
694,206041117,21117,Carlton,20604,Melbourne City,206,Melbourne - Inner,2GMEL,Greater Melbourne,2,Victoria,1.819,0.182,-37.801,144.968,0.512
695,206041118,21118,Docklands,20604,Melbourne City,206,Melbourne - Inner,2GMEL,Greater Melbourne,2,Victoria,2.444,0.23,-37.818,144.943,0.624
696,206041119,21119,East Melbourne,20604,Melbourne City,206,Melbourne - Inner,2GMEL,Greater Melbourne,2,Victoria,2.9,0.252,-37.817,144.981,0.635
697,206041120,21120,Flemington Racecourse,20604,Melbourne City,206,Melbourne - Inner,2GMEL,Greater Melbourne,2,Victoria,1.709,0.235,-37.788,144.913,0.176
698,206041121,21121,Kensington (Vic.),20604,Melbourne City,206,Melbourne - Inner,2GMEL,Greater Melbourne,2,Victoria,2.147,0.219,-37.794,144.927,0.585
699,206041122,21122,Melbourne,20604,Melbourne City,206,Melbourne - Inner,2GMEL,Greater Melbourne,2,Victoria,2.369,0.173,-37.814,144.963,0.474
700,206041123,21123,North Melbourne,20604,Melbourne City,206,Melbourne - Inner,2GMEL,Greater Melbourne,2,Victoria,3.249,0.196,-37.801,144.946,0.525
701,206041124,21124,Parkville,20604,Melbourne City,206,Melbourne - Inner,2GMEL,Greater Melbourne,2,Victoria,4.049,0.18,-37.787,144.952,0.486
702,206041125,21125,South Yarra - West,20604,Melbourne City,206,Melbourne - Inner,2GMEL,Greater Melbourne,2,Victoria,1.503,0.239,-37.839,144.982,0.633
703,206041126,21126,Southbank,20604,Melbourne City,206,Melbourne - Inner,2GMEL,Greater Melbourne,2,Victoria,3.074,0.218,-37.826,144.967,0.572
704,206041127,21127,West Melbourne,20604,Melbourne City,206,Melbourne - Inner,2GMEL,Greater Melbourne,2,Victoria,6.199,0,-37.81,144.922,0
705,206051128,21128,Albert Park,20605,Port Phillip,206,Melbourne - Inner,2GMEL,Greater Melbourne,2,Victoria,4.675,0.249,-37.846,144.964,0.635
706,206051129,21129,Elwood,20605,Port Phillip,206,Melbourne - Inner,2GMEL,Greater Melbourne,2,Victoria,2.553,0.22,-37.881,144.986,0.597
707,206051130,21130,Port Melbourne,20605,Port Phillip,206,Melbourne - Inner,2GMEL,Greater Melbourne,2,Victoria,2.789,0.247,-37.838,144.935,0.638
708,206051131,21131,Port Melbourne Industrial,20605,Port Phillip,206,Melbourne - Inner,2GMEL,Greater Melbourne,2,Victoria,6.869,0,-37.831,144.917,0
709,206051132,21132,South Melbourne,20605,Port Phillip,206,Melbourne - Inner,2GMEL,Greater Melbourne,2,Victoria,2.495,0.239,-37.833,144.957,0.641
710,206051133,21133,St Kilda,20605,Port Phillip,206,Melbourne - Inner,2GMEL,Greater Melbourne,2,Victoria,3.901,0.206,-37.862,144.98,0.57
711,206051134,21134,St Kilda East,20605,Port Phillip,206,Melbourne - Inner,2GMEL,Greater Melbourne,2,Victoria,2.414,0.201,-37.867,144.998,0.572
712,206061135,21135,Armadale,20606,Stonnington - West,206,Melbourne - Inner,2GMEL,Greater Melbourne,2,Victoria,2.184,0.224,-37.857,145.021,0.596
713,206061136,21136,Prahran - Windsor,20606,Stonnington - West,206,Melbourne - Inner,2GMEL,Greater Melbourne,2,Victoria,2.905,0.216,-37.853,144.998,0.596
714,206061137,21137,South Yarra - East,20606,Stonnington - West,206,Melbourne - Inner,2GMEL,Greater Melbourne,2,Victoria,2.517,0.228,-37.84,144.996,0.629
715,206061138,21138,Toorak,20606,Stonnington - West,206,Melbourne - Inner,2GMEL,Greater Melbourne,2,Victoria,4.323,0.237,-37.842,145.018,0.61
716,206071139,21139,Abbotsford,20607,Yarra,206,Melbourne - Inner,2GMEL,Greater Melbourne,2,Victoria,1.741,0.219,-37.805,145,0.592
717,206071140,21140,Carlton North - Princes Hill,20607,Yarra,206,Melbourne - Inner,2GMEL,Greater Melbourne,2,Victoria,2.304,0.212,-37.786,144.968,0.603
718,206071141,21141,Collingwood,20607,Yarra,206,Melbourne - Inner,2GMEL,Greater Melbourne,2,Victoria,1.267,0.209,-37.802,144.988,0.578
719,206071142,21142,Fitzroy,20607,Yarra,206,Melbourne - Inner,2GMEL,Greater Melbourne,2,Victoria,1.378,0.212,-37.801,144.979,0.578
720,206071143,21143,Fitzroy North,20607,Yarra,206,Melbourne - Inner,2GMEL,Greater Melbourne,2,Victoria,2.505,0.214,-37.784,144.984,0.588
721,206071144,21144,Richmond (Vic.),20607,Yarra,206,Melbourne - Inner,2GMEL,Greater Melbourne,2,Victoria,6.213,0.223,-37.823,145.004,0.587
722,206071145,21145,Yarra - North,20607,Yarra,206,Melbourne - Inner,2GMEL,Greater Melbourne,2,Victoria,5.209,0.226,-37.79,145.013,0.601
723,207011146,21146,Ashburton (Vic.),20701,Boroondara,207,Melbourne - Inner East,2GMEL,Greater Melbourne,2,Victoria,2.837,0.229,-37.867,145.081,0.598
724,207011147,21147,Balwyn,20701,Boroondara,207,Melbourne - Inner East,2GMEL,Greater Melbourne,2,Victoria,5.585,0.211,-37.81,145.081,0.563
725,207011148,21148,Balwyn North,20701,Boroondara,207,Melbourne - Inner East,2GMEL,Greater Melbourne,2,Victoria,8.849,0.206,-37.792,145.084,0.537
726,207011149,21149,Camberwell,20701,Boroondara,207,Melbourne - Inner East,2GMEL,Greater Melbourne,2,Victoria,7.292,0.226,-37.838,145.074,0.592
727,207011150,21150,Glen Iris - East,20701,Boroondara,207,Melbourne - Inner East,2GMEL,Greater Melbourne,2,Victoria,5.705,0.237,-37.855,145.072,0.606
728,207011151,21151,Hawthorn,20701,Boroondara,207,Melbourne - Inner East,2GMEL,Greater Melbourne,2,Victoria,5.672,0.218,-37.824,145.032,0.58
729,207011152,21152,Hawthorn East,20701,Boroondara,207,Melbourne - Inner East,2GMEL,Greater Melbourne,2,Victoria,3.824,0.222,-37.831,145.05,0.595
730,207011153,21153,Kew,20701,Boroondara,207,Melbourne - Inner East,2GMEL,Greater Melbourne,2,Victoria,10.534,0.225,-37.803,145.033,0.568
731,207011154,21154,Kew East,20701,Boroondara,207,Melbourne - Inner East,2GMEL,Greater Melbourne,2,Victoria,4.016,0.223,-37.791,145.052,0.556
732,207011155,21155,Surrey Hills (West) - Canterbury,20701,Boroondara,207,Melbourne - Inner East,2GMEL,Greater Melbourne,2,Victoria,5.703,0.231,-37.825,145.084,0.592
733,207021156,21156,Bulleen,20702,Manningham - West,207,Melbourne - Inner East,2GMEL,Greater Melbourne,2,Victoria,6.671,0.192,-37.769,145.087,0.504
734,207021157,21157,Doncaster,20702,Manningham - West,207,Melbourne - Inner East,2GMEL,Greater Melbourne,2,Victoria,8.774,0.185,-37.785,145.124,0.486
735,207021159,21159,Templestowe,20702,Manningham - West,207,Melbourne - Inner East,2GMEL,Greater Melbourne,2,Victoria,16.118,0.201,-37.754,145.149,0.524
736,207021160,21160,Templestowe Lower,20702,Manningham - West,207,Melbourne - Inner East,2GMEL,Greater Melbourne,2,Victoria,5.939,0.194,-37.764,145.112,0.502
737,207021424,21424,Doncaster East (North),20702,Manningham - West,207,Melbourne - Inner East,2GMEL,Greater Melbourne,2,Victoria,6.403,0.194,-37.769,145.169,0.523
738,207021425,21425,Doncaster East (South),20702,Manningham - West,207,Melbourne - Inner East,2GMEL,Greater Melbourne,2,Victoria,4.768,0.183,-37.792,145.157,0.482
739,207031161,21161,Blackburn,20703,Whitehorse - West,207,Melbourne - Inner East,2GMEL,Greater Melbourne,2,Victoria,8.608,0.2,-37.817,145.153,0.527
740,207031162,21162,Blackburn South,20703,Whitehorse - West,207,Melbourne - Inner East,2GMEL,Greater Melbourne,2,Victoria,3.597,0.198,-37.839,145.147,0.525
741,207031163,21163,Box Hill,20703,Whitehorse - West,207,Melbourne - Inner East,2GMEL,Greater Melbourne,2,Victoria,7.012,0.182,-37.829,145.125,0.49
742,207031164,21164,Box Hill North,20703,Whitehorse - West,207,Melbourne - Inner East,2GMEL,Greater Melbourne,2,Victoria,6.209,0.195,-37.805,145.123,0.517
743,207031165,21165,Burwood,20703,Whitehorse - West,207,Melbourne - Inner East,2GMEL,Greater Melbourne,2,Victoria,5.039,0.175,-37.848,145.113,0.467
744,207031166,21166,Burwood East,20703,Whitehorse - West,207,Melbourne - Inner East,2GMEL,Greater Melbourne,2,Victoria,4.263,0.178,-37.854,145.15,0.477
745,207031167,21167,Surrey Hills (East) - Mont Albert,20703,Whitehorse - West,207,Melbourne - Inner East,2GMEL,Greater Melbourne,2,Victoria,3.328,0.223,-37.824,145.107,0.584
746,208011168,21168,Beaumaris,20801,Bayside,208,Melbourne - Inner South,2GMEL,Greater Melbourne,2,Victoria,5.968,0.219,-37.981,145.038,0.586
747,208011169,21169,Brighton (Vic.),20801,Bayside,208,Melbourne - Inner South,2GMEL,Greater Melbourne,2,Victoria,8.201,0.24,-37.908,144.996,0.621
748,208011170,21170,Brighton East,20801,Bayside,208,Melbourne - Inner South,2GMEL,Greater Melbourne,2,Victoria,5.608,0.224,-37.917,145.016,0.596
749,208011171,21171,Cheltenham - Highett (West),20801,Bayside,208,Melbourne - Inner South,2GMEL,Greater Melbourne,2,Victoria,5.32,0.206,-37.957,145.038,0.536
750,208011172,21172,Hampton,20801,Bayside,208,Melbourne - Inner South,2GMEL,Greater Melbourne,2,Victoria,5.685,0.225,-37.938,145.014,0.586
751,208011173,21173,Sandringham - Black Rock,20801,Bayside,208,Melbourne - Inner South,2GMEL,Greater Melbourne,2,Victoria,6.43,0.225,-37.961,145.017,0.592
752,208021174,21174,Bentleigh - McKinnon,20802,Glen Eira,208,Melbourne - Inner South,2GMEL,Greater Melbourne,2,Victoria,6.224,0.205,-37.919,145.038,0.559
753,208021176,21176,Carnegie,20802,Glen Eira,208,Melbourne - Inner South,2GMEL,Greater Melbourne,2,Victoria,3.804,0.2,-37.893,145.056,0.549
754,208021177,21177,Caulfield - North,20802,Glen Eira,208,Melbourne - Inner South,2GMEL,Greater Melbourne,2,Victoria,6.419,0.216,-37.874,145.023,0.601
755,208021178,21178,Caulfield - South,20802,Glen Eira,208,Melbourne - Inner South,2GMEL,Greater Melbourne,2,Victoria,4.743,0.208,-37.891,145.025,0.589
756,208021179,21179,Elsternwick,20802,Glen Eira,208,Melbourne - Inner South,2GMEL,Greater Melbourne,2,Victoria,2.862,0.221,-37.887,145.007,0.613
757,208021180,21180,Hughesdale,20802,Glen Eira,208,Melbourne - Inner South,2GMEL,Greater Melbourne,2,Victoria,2.01,0.198,-37.899,145.081,0.548
758,208021181,21181,Murrumbeena,20802,Glen Eira,208,Melbourne - Inner South,2GMEL,Greater Melbourne,2,Victoria,2.515,0.203,-37.897,145.07,0.54
759,208021182,21182,Ormond - Glen Huntly,20802,Glen Eira,208,Melbourne - Inner South,2GMEL,Greater Melbourne,2,Victoria,2.937,0.196,-37.9,145.041,0.537
760,208021426,21426,Bentleigh East (North),20802,Glen Eira,208,Melbourne - Inner South,2GMEL,Greater Melbourne,2,Victoria,4.599,0.196,-37.915,145.068,0.52
761,208021427,21427,Bentleigh East (South),20802,Glen Eira,208,Melbourne - Inner South,2GMEL,Greater Melbourne,2,Victoria,4.588,0.194,-37.929,145.065,0.517
762,208031183,21183,Aspendale Gardens - Waterways,20803,Kingston,208,Melbourne - Inner South,2GMEL,Greater Melbourne,2,Victoria,5.307,0.192,-38.019,145.123,0.465
763,208031184,21184,Braeside,20803,Kingston,208,Melbourne - Inner South,2GMEL,Greater Melbourne,2,Victoria,9.082,0,-37.998,145.122,0
764,208031185,21185,Carrum - Patterson Lakes,20803,Kingston,208,Melbourne - Inner South,2GMEL,Greater Melbourne,2,Victoria,5.824,0.191,-38.071,145.139,0.474
765,208031186,21186,Chelsea - Bonbeach,20803,Kingston,208,Melbourne - Inner South,2GMEL,Greater Melbourne,2,Victoria,5.423,0.187,-38.057,145.125,0.471
766,208031187,21187,Chelsea Heights,20803,Kingston,208,Melbourne - Inner South,2GMEL,Greater Melbourne,2,Victoria,3.196,0.17,-38.041,145.134,0.407
767,208031188,21188,Cheltenham - Highett (East),20803,Kingston,208,Melbourne - Inner South,2GMEL,Greater Melbourne,2,Victoria,8.738,0.19,-37.961,145.066,0.491
768,208031189,21189,Edithvale - Aspendale,20803,Kingston,208,Melbourne - Inner South,2GMEL,Greater Melbourne,2,Victoria,5.1,0.195,-38.028,145.107,0.495
769,208031190,21190,Mentone,20803,Kingston,208,Melbourne - Inner South,2GMEL,Greater Melbourne,2,Victoria,4.45,0.2,-37.982,145.069,0.518
770,208031191,21191,Moorabbin - Heatherton,20803,Kingston,208,Melbourne - Inner South,2GMEL,Greater Melbourne,2,Victoria,11.7,0.191,-37.95,145.079,0.503
771,208031192,21192,Moorabbin Airport,20803,Kingston,208,Melbourne - Inner South,2GMEL,Greater Melbourne,2,Victoria,3.076,0,-37.977,145.1,0
772,208031193,21193,Mordialloc - Parkdale,20803,Kingston,208,Melbourne - Inner South,2GMEL,Greater Melbourne,2,Victoria,7.968,0.203,-37.996,145.089,0.517
773,208041194,21194,Malvern - Glen Iris,20804,Stonnington - East,208,Melbourne - Inner South,2GMEL,Greater Melbourne,2,Victoria,6.155,0.228,-37.856,145.042,0.592
774,208041195,21195,Malvern East,20804,Stonnington - East,208,Melbourne - Inner South,2GMEL,Greater Melbourne,2,Victoria,7.567,0.221,-37.877,145.066,0.576
775,209011196,21196,Bundoora - East,20901,Banyule,209,Melbourne - North East,2GMEL,Greater Melbourne,2,Victoria,4.075,0.168,-37.699,145.068,0.417
776,209011197,21197,Greensborough,20901,Banyule,209,Melbourne - North East,2GMEL,Greater Melbourne,2,Victoria,10.097,0.191,-37.7,145.114,0.482
777,209011198,21198,Heidelberg - Rosanna,20901,Banyule,209,Melbourne - North East,2GMEL,Greater Melbourne,2,Victoria,6.372,0.205,-37.746,145.07,0.539
778,209011199,21199,Heidelberg West,20901,Banyule,209,Melbourne - North East,2GMEL,Greater Melbourne,2,Victoria,6.691,0.167,-37.743,145.046,0.41
779,209011200,21200,Ivanhoe,20901,Banyule,209,Melbourne - North East,2GMEL,Greater Melbourne,2,Victoria,5.05,0.215,-37.769,145.043,0.566
780,209011201,21201,Ivanhoe East - Eaglemont,20901,Banyule,209,Melbourne - North East,2GMEL,Greater Melbourne,2,Victoria,4.277,0.225,-37.769,145.063,0.586
781,209011202,21202,Montmorency - Briar Hill,20901,Banyule,209,Melbourne - North East,2GMEL,Greater Melbourne,2,Victoria,12.028,0.197,-37.729,145.12,0.508
782,209011203,21203,Viewbank - Yallambie,20901,Banyule,209,Melbourne - North East,2GMEL,Greater Melbourne,2,Victoria,10.238,0.194,-37.731,145.088,0.493
783,209011204,21204,Watsonia,20901,Banyule,209,Melbourne - North East,2GMEL,Greater Melbourne,2,Victoria,3.786,0.185,-37.705,145.084,0.45
784,209021205,21205,Kingsbury,20902,Darebin - North,209,Melbourne - North East,2GMEL,Greater Melbourne,2,Victoria,9.009,0.161,-37.715,145.049,0.425
785,209021207,21207,Reservoir - East,20902,Darebin - North,209,Melbourne - North East,2GMEL,Greater Melbourne,2,Victoria,8.966,0.157,-37.715,145.022,0.405
786,209021208,21208,Reservoir - West,20902,Darebin - North,209,Melbourne - North East,2GMEL,Greater Melbourne,2,Victoria,10.154,0.163,-37.71,144.994,0.416
787,209021428,21428,Preston - East,20902,Darebin - North,209,Melbourne - North East,2GMEL,Greater Melbourne,2,Victoria,7.746,0.17,-37.743,145.016,0.461
788,209021429,21429,Preston - West,20902,Darebin - North,209,Melbourne - North East,2GMEL,Greater Melbourne,2,Victoria,3.568,0.181,-37.74,144.99,0.499
789,209031209,21209,Eltham,20903,Nillumbik - Kinglake,209,Melbourne - North East,2GMEL,Greater Melbourne,2,Victoria,19.488,0.202,-37.715,145.157,0.522
790,209031210,21210,Hurstbridge,20903,Nillumbik - Kinglake,209,Melbourne - North East,2GMEL,Greater Melbourne,2,Victoria,14.842,0.182,-37.638,145.194,0.42
791,209031211,21211,Kinglake,20903,Nillumbik - Kinglake,209,Melbourne - North East,2GMEL,Greater Melbourne,2,Victoria,319.504,0.161,-37.491,145.408,0.339
792,209031212,21212,Panton Hill - St Andrews,20903,Nillumbik - Kinglake,209,Melbourne - North East,2GMEL,Greater Melbourne,2,Victoria,292.198,0.178,-37.596,145.265,0.435
793,209031213,21213,Plenty - Yarrambat,20903,Nillumbik - Kinglake,209,Melbourne - North East,2GMEL,Greater Melbourne,2,Victoria,29.117,0.189,-37.654,145.124,0.476
794,209031214,21214,Research - North Warrandyte,20903,Nillumbik - Kinglake,209,Melbourne - North East,2GMEL,Greater Melbourne,2,Victoria,49.795,0.202,-37.699,145.221,0.499
795,209031215,21215,Wattle Glen - Diamond Creek,20903,Nillumbik - Kinglake,209,Melbourne - North East,2GMEL,Greater Melbourne,2,Victoria,26.825,0.186,-37.668,145.167,0.458
796,209041216,21216,Bundoora - North,20904,Whittlesea - Wallan,209,Melbourne - North East,2GMEL,Greater Melbourne,2,Victoria,4.715,0.179,-37.683,145.071,0.436
797,209041217,21217,Bundoora - West,20904,Whittlesea - Wallan,209,Melbourne - North East,2GMEL,Greater Melbourne,2,Victoria,2.56,0.15,-37.693,145.053,0.368
798,209041219,21219,Lalor,20904,Whittlesea - Wallan,209,Melbourne - North East,2GMEL,Greater Melbourne,2,Victoria,12.06,0.139,-37.663,145.004,0.31
799,209041220,21220,Mill Park - North,20904,Whittlesea - Wallan,209,Melbourne - North East,2GMEL,Greater Melbourne,2,Victoria,8.136,0.159,-37.66,145.068,0.393
800,209041221,21221,Mill Park - South,20904,Whittlesea - Wallan,209,Melbourne - North East,2GMEL,Greater Melbourne,2,Victoria,4.93,0.156,-37.671,145.059,0.37
801,209041223,21223,Thomastown,20904,Whittlesea - Wallan,209,Melbourne - North East,2GMEL,Greater Melbourne,2,Victoria,14.685,0.133,-37.684,145.008,0.287
802,209041224,21224,Wallan,20904,Whittlesea - Wallan,209,Melbourne - North East,2GMEL,Greater Melbourne,2,Victoria,507.746,0.164,-37.385,145.072,0.34
803,209041225,21225,Whittlesea,20904,Whittlesea - Wallan,209,Melbourne - North East,2GMEL,Greater Melbourne,2,Victoria,297.98,0.164,-37.498,145.102,0.349
804,209041430,21430,Doreen,20904,Whittlesea - Wallan,209,Melbourne - North East,2GMEL,Greater Melbourne,2,Victoria,14.462,0.176,-37.596,145.125,0.416
805,209041431,21431,Epping - East,20904,Whittlesea - Wallan,209,Melbourne - North East,2GMEL,Greater Melbourne,2,Victoria,7.769,0.145,-37.636,145.045,0.324
806,209041432,21432,Epping - South,20904,Whittlesea - Wallan,209,Melbourne - North East,2GMEL,Greater Melbourne,2,Victoria,15.871,0.143,-37.639,144.997,0.321
807,209041433,21433,Epping - West,20904,Whittlesea - Wallan,209,Melbourne - North East,2GMEL,Greater Melbourne,2,Victoria,7.357,0.156,-37.632,145.01,0.356
808,209041434,21434,Mernda,20904,Whittlesea - Wallan,209,Melbourne - North East,2GMEL,Greater Melbourne,2,Victoria,23.823,0.17,-37.592,145.082,0.397
809,209041435,21435,South Morang (North),20904,Whittlesea - Wallan,209,Melbourne - North East,2GMEL,Greater Melbourne,2,Victoria,13.709,0.171,-37.624,145.083,0.409
810,209041436,21436,South Morang (South),20904,Whittlesea - Wallan,209,Melbourne - North East,2GMEL,Greater Melbourne,2,Victoria,7.745,0.163,-37.646,145.086,0.392
811,209041437,21437,Wollert,20904,Whittlesea - Wallan,209,Melbourne - North East,2GMEL,Greater Melbourne,2,Victoria,53.892,0.161,-37.591,145.005,0.384
812,210011226,21226,Airport West,21001,Keilor,210,Melbourne - North West,2GMEL,Greater Melbourne,2,Victoria,3.719,0.185,-37.724,144.881,0.454
813,210011227,21227,Essendon Airport,21001,Keilor,210,Melbourne - North West,2GMEL,Greater Melbourne,2,Victoria,3.355,0,-37.727,144.9,0
814,210011228,21228,Keilor,21001,Keilor,210,Melbourne - North West,2GMEL,Greater Melbourne,2,Victoria,17.512,0.182,-37.719,144.844,0.47
815,210011229,21229,Keilor East,21001,Keilor,210,Melbourne - North West,2GMEL,Greater Melbourne,2,Victoria,10.892,0.182,-37.752,144.864,0.461
816,210011230,21230,Niddrie - Essendon West,21001,Keilor,210,Melbourne - North West,2GMEL,Greater Melbourne,2,Victoria,2.803,0.199,-37.745,144.885,0.499
817,210011231,21231,Strathmore,21001,Keilor,210,Melbourne - North West,2GMEL,Greater Melbourne,2,Victoria,4.144,0.204,-37.73,144.914,0.528
818,210021232,21232,Gisborne,21002,Macedon Ranges,210,Melbourne - North West,2GMEL,Greater Melbourne,2,Victoria,211.057,0.197,-37.495,144.555,0.437
819,210021233,21233,Macedon,21002,Macedon Ranges,210,Melbourne - North West,2GMEL,Greater Melbourne,2,Victoria,72.99,0.21,-37.412,144.573,0.491
820,210021234,21234,Riddells Creek,21002,Macedon Ranges,210,Melbourne - North West,2GMEL,Greater Melbourne,2,Victoria,83.35,0.19,-37.438,144.678,0.406
821,210021235,21235,Romsey,21002,Macedon Ranges,210,Melbourne - North West,2GMEL,Greater Melbourne,2,Victoria,624.71,0.17,-37.35,144.764,0.347
822,210031236,21236,Coburg North,21003,Moreland - North,210,Melbourne - North West,2GMEL,Greater Melbourne,2,Victoria,4.878,0.18,-37.727,144.967,0.499
823,210031237,21237,Fawkner,21003,Moreland - North,210,Melbourne - North West,2GMEL,Greater Melbourne,2,Victoria,5.085,0.153,-37.705,144.97,0.364
824,210031239,21239,Pascoe Vale,21003,Moreland - North,210,Melbourne - North West,2GMEL,Greater Melbourne,2,Victoria,6.984,0.187,-37.723,144.932,0.484
825,210031438,21438,Glenroy,21003,Moreland - North,210,Melbourne - North West,2GMEL,Greater Melbourne,2,Victoria,8.858,0.158,-37.703,144.927,0.373
826,210031439,21439,Gowanbrae,21003,Moreland - North,210,Melbourne - North West,2GMEL,Greater Melbourne,2,Victoria,1.523,0.202,-37.703,144.898,0.517
827,210031440,21440,Hadfield,21003,Moreland - North,210,Melbourne - North West,2GMEL,Greater Melbourne,2,Victoria,3.05,0.163,-37.71,144.95,0.387
828,210041240,21240,Sunbury,21004,Sunbury,210,Melbourne - North West,2GMEL,Greater Melbourne,2,Victoria,129.549,0.175,-37.539,144.768,0.395
829,210041241,21241,Sunbury - South,21004,Sunbury,210,Melbourne - North West,2GMEL,Greater Melbourne,2,Victoria,131.136,0.169,-37.593,144.697,0.389
830,210051242,21242,Broadmeadows,21005,Tullamarine - Broadmeadows,210,Melbourne - North West,2GMEL,Greater Melbourne,2,Victoria,8.827,0.125,-37.684,144.929,0.25
831,210051243,21243,Campbellfield - Coolaroo,21005,Tullamarine - Broadmeadows,210,Melbourne - North West,2GMEL,Greater Melbourne,2,Victoria,18.187,0.126,-37.664,144.952,0.253
832,210051245,21245,Gladstone Park - Westmeadows,21005,Tullamarine - Broadmeadows,210,Melbourne - North West,2GMEL,Greater Melbourne,2,Victoria,13.936,0.161,-37.676,144.891,0.388
833,210051246,21246,Greenvale - Bulla,21005,Tullamarine - Broadmeadows,210,Melbourne - North West,2GMEL,Greater Melbourne,2,Victoria,95.906,0.174,-37.624,144.835,0.42
834,210051247,21247,Meadow Heights,21005,Tullamarine - Broadmeadows,210,Melbourne - North West,2GMEL,Greater Melbourne,2,Victoria,4.625,0.129,-37.651,144.919,0.276
835,210051248,21248,Melbourne Airport,21005,Tullamarine - Broadmeadows,210,Melbourne - North West,2GMEL,Greater Melbourne,2,Victoria,30.385,0.23,-37.676,144.837,0.295
836,210051249,21249,Roxburgh Park - Somerton,21005,Tullamarine - Broadmeadows,210,Melbourne - North West,2GMEL,Greater Melbourne,2,Victoria,12.29,0.144,-37.63,144.937,0.319
837,210051250,21250,Tullamarine,21005,Tullamarine - Broadmeadows,210,Melbourne - North West,2GMEL,Greater Melbourne,2,Victoria,3.86,0.16,-37.696,144.877,0.366
838,210051441,21441,Craigieburn - Central,21005,Tullamarine - Broadmeadows,210,Melbourne - North West,2GMEL,Greater Melbourne,2,Victoria,3.969,0.145,-37.592,144.936,0.3
839,210051442,21442,Craigieburn - North,21005,Tullamarine - Broadmeadows,210,Melbourne - North West,2GMEL,Greater Melbourne,2,Victoria,13.351,0.159,-37.571,144.943,0.35
840,210051443,21443,Craigieburn - South,21005,Tullamarine - Broadmeadows,210,Melbourne - North West,2GMEL,Greater Melbourne,2,Victoria,11.915,0.151,-37.604,144.919,0.321
841,210051444,21444,Craigieburn - West,21005,Tullamarine - Broadmeadows,210,Melbourne - North West,2GMEL,Greater Melbourne,2,Victoria,6.212,0.16,-37.581,144.904,0.357
842,210051445,21445,Mickleham - Yuroke,21005,Tullamarine - Broadmeadows,210,Melbourne - North West,2GMEL,Greater Melbourne,2,Victoria,70.633,0.171,-37.543,144.902,0.369
843,211011251,21251,Bayswater,21101,Knox,211,Melbourne - Outer East,2GMEL,Greater Melbourne,2,Victoria,8.044,0.163,-37.845,145.265,0.402
844,211011254,21254,Knoxfield - Scoresby,21101,Knox,211,Melbourne - Outer East,2GMEL,Greater Melbourne,2,Victoria,15.265,0.175,-37.897,145.23,0.438
845,211011255,21255,Lysterfield,21101,Knox,211,Melbourne - Outer East,2GMEL,Greater Melbourne,2,Victoria,18.494,0.188,-37.927,145.291,0.477
846,211011256,21256,Rowville - Central,21101,Knox,211,Melbourne - Outer East,2GMEL,Greater Melbourne,2,Victoria,8.2,0.175,-37.919,145.243,0.434
847,211011257,21257,Rowville - North,21101,Knox,211,Melbourne - Outer East,2GMEL,Greater Melbourne,2,Victoria,4.169,0.185,-37.907,145.261,0.468
848,211011258,21258,Rowville - South,21101,Knox,211,Melbourne - Outer East,2GMEL,Greater Melbourne,2,Victoria,9.353,0.181,-37.936,145.239,0.442
849,211011259,21259,Wantirna,21101,Knox,211,Melbourne - Outer East,2GMEL,Greater Melbourne,2,Victoria,8.306,0.18,-37.852,145.226,0.462
850,211011260,21260,Wantirna South,21101,Knox,211,Melbourne - Outer East,2GMEL,Greater Melbourne,2,Victoria,13.356,0.182,-37.874,145.221,0.47
851,211011446,21446,Boronia,21101,Knox,211,Melbourne - Outer East,2GMEL,Greater Melbourne,2,Victoria,11.263,0.166,-37.856,145.286,0.397
852,211011447,21447,Ferntree Gully (North),21101,Knox,211,Melbourne - Outer East,2GMEL,Greater Melbourne,2,Victoria,6.985,0.17,-37.877,145.286,0.414
853,211011448,21448,Ferntree Gully (South) - Upper Ferntree Gully,21101,Knox,211,Melbourne - Outer East,2GMEL,Greater Melbourne,2,Victoria,9.15,0.169,-37.893,145.284,0.4
854,211011449,21449,The Basin,21101,Knox,211,Melbourne - Outer East,2GMEL,Greater Melbourne,2,Victoria,5.716,0.173,-37.856,145.321,0.389
855,211021261,21261,Donvale - Park Orchards,21102,Manningham - East,211,Melbourne - Outer East,2GMEL,Greater Melbourne,2,Victoria,20.803,0.198,-37.785,145.203,0.509
856,211021262,21262,Warrandyte - Wonga Park,21102,Manningham - East,211,Melbourne - Outer East,2GMEL,Greater Melbourne,2,Victoria,45.759,0.199,-37.743,145.243,0.485
857,211031263,21263,Bayswater North,21103,Maroondah,211,Melbourne - Outer East,2GMEL,Greater Melbourne,2,Victoria,9.909,0.169,-37.828,145.293,0.395
858,211031265,21265,Croydon Hills - Warranwood,21103,Maroondah,211,Melbourne - Outer East,2GMEL,Greater Melbourne,2,Victoria,9.492,0.188,-37.773,145.269,0.477
859,211031266,21266,Ringwood,21103,Maroondah,211,Melbourne - Outer East,2GMEL,Greater Melbourne,2,Victoria,9.911,0.177,-37.811,145.233,0.46
860,211031267,21267,Ringwood East,21103,Maroondah,211,Melbourne - Outer East,2GMEL,Greater Melbourne,2,Victoria,9.393,0.184,-37.821,145.249,0.474
861,211031268,21268,Ringwood North,21103,Maroondah,211,Melbourne - Outer East,2GMEL,Greater Melbourne,2,Victoria,4.731,0.198,-37.795,145.231,0.498
862,211031450,21450,Croydon - East,21103,Maroondah,211,Melbourne - Outer East,2GMEL,Greater Melbourne,2,Victoria,8.098,0.168,-37.801,145.291,0.418
863,211031451,21451,Croydon - West,21103,Maroondah,211,Melbourne - Outer East,2GMEL,Greater Melbourne,2,Victoria,6.798,0.178,-37.789,145.278,0.457
864,211031452,21452,Croydon South,21103,Maroondah,211,Melbourne - Outer East,2GMEL,Greater Melbourne,2,Victoria,2.856,0.176,-37.815,145.279,0.434
865,211041269,21269,Forest Hill,21104,Whitehorse - East,211,Melbourne - Outer East,2GMEL,Greater Melbourne,2,Victoria,4.07,0.182,-37.84,145.171,0.49
866,211041270,21270,Mitcham (Vic.),21104,Whitehorse - East,211,Melbourne - Outer East,2GMEL,Greater Melbourne,2,Victoria,6.627,0.197,-37.818,145.199,0.531
867,211041271,21271,Nunawading,21104,Whitehorse - East,211,Melbourne - Outer East,2GMEL,Greater Melbourne,2,Victoria,5.079,0.192,-37.817,145.177,0.499
868,211041272,21272,Vermont,21104,Whitehorse - East,211,Melbourne - Outer East,2GMEL,Greater Melbourne,2,Victoria,4.61,0.19,-37.838,145.199,0.501
869,211041273,21273,Vermont South,21104,Whitehorse - East,211,Melbourne - Outer East,2GMEL,Greater Melbourne,2,Victoria,6.184,0.189,-37.854,145.188,0.512
870,211051274,21274,Belgrave - Selby,21105,Yarra Ranges,211,Melbourne - Outer East,2GMEL,Greater Melbourne,2,Victoria,55.652,0.179,-37.939,145.355,0.451
871,211051275,21275,Chirnside Park,21105,Yarra Ranges,211,Melbourne - Outer East,2GMEL,Greater Melbourne,2,Victoria,22.202,0.168,-37.739,145.314,0.41
872,211051276,21276,Healesville - Yarra Glen,21105,Yarra Ranges,211,Melbourne - Outer East,2GMEL,Greater Melbourne,2,Victoria,369.524,0.156,-37.626,145.496,0.335
873,211051277,21277,Kilsyth,21105,Yarra Ranges,211,Melbourne - Outer East,2GMEL,Greater Melbourne,2,Victoria,8.243,0.169,-37.815,145.32,0.396
874,211051278,21278,Lilydale - Coldstream,21105,Yarra Ranges,211,Melbourne - Outer East,2GMEL,Greater Melbourne,2,Victoria,109.382,0.162,-37.714,145.389,0.367
875,211051279,21279,Monbulk - Silvan,21105,Yarra Ranges,211,Melbourne - Outer East,2GMEL,Greater Melbourne,2,Victoria,68.555,0.153,-37.864,145.459,0.352
876,211051280,21280,Montrose,21105,Yarra Ranges,211,Melbourne - Outer East,2GMEL,Greater Melbourne,2,Victoria,10.543,0.171,-37.811,145.348,0.41
877,211051281,21281,Mooroolbark,21105,Yarra Ranges,211,Melbourne - Outer East,2GMEL,Greater Melbourne,2,Victoria,12.543,0.167,-37.781,145.326,0.399
878,211051282,21282,Mount Dandenong - Olinda,21105,Yarra Ranges,211,Melbourne - Outer East,2GMEL,Greater Melbourne,2,Victoria,81.899,0.188,-37.862,145.376,0.474
879,211051283,21283,Mount Evelyn,21105,Yarra Ranges,211,Melbourne - Outer East,2GMEL,Greater Melbourne,2,Victoria,16.989,0.165,-37.787,145.388,0.378
880,211051284,21284,Upwey - Tecoma,21105,Yarra Ranges,211,Melbourne - Outer East,2GMEL,Greater Melbourne,2,Victoria,8.891,0.18,-37.904,145.331,0.449
881,211051285,21285,Wandin - Seville,21105,Yarra Ranges,211,Melbourne - Outer East,2GMEL,Greater Melbourne,2,Victoria,111.756,0.153,-37.761,145.464,0.333
882,211051286,21286,Yarra Valley,21105,Yarra Ranges,211,Melbourne - Outer East,2GMEL,Greater Melbourne,2,Victoria,729.758,0.145,-37.768,145.68,0.297
883,212011287,21287,Beaconsfield - Officer,21201,Cardinia,212,Melbourne - South East,2GMEL,Greater Melbourne,2,Victoria,41.178,0.177,-38.047,145.403,0.432
884,212011288,21288,Bunyip - Garfield,21201,Cardinia,212,Melbourne - South East,2GMEL,Greater Melbourne,2,Victoria,373.111,0.155,-38.08,145.645,0.331
885,212011289,21289,Emerald - Cockatoo,21201,Cardinia,212,Melbourne - South East,2GMEL,Greater Melbourne,2,Victoria,371.624,0.17,-37.953,145.562,0.387
886,212011290,21290,Koo Wee Rup,21201,Cardinia,212,Melbourne - South East,2GMEL,Greater Melbourne,2,Victoria,409.435,0.137,-38.209,145.553,0.26
887,212011291,21291,Pakenham - North,21201,Cardinia,212,Melbourne - South East,2GMEL,Greater Melbourne,2,Victoria,37.221,0.153,-38.045,145.478,0.336
888,212011292,21292,Pakenham - South,21201,Cardinia,212,Melbourne - South East,2GMEL,Greater Melbourne,2,Victoria,49.757,0.157,-38.094,145.49,0.348
889,212021293,21293,Berwick - North,21202,Casey - North,212,Melbourne - South East,2GMEL,Greater Melbourne,2,Victoria,19.748,0.18,-38.025,145.349,0.447
890,212021294,21294,Berwick - South,21202,Casey - North,212,Melbourne - South East,2GMEL,Greater Melbourne,2,Victoria,14.855,0.183,-38.061,145.348,0.43
891,212021295,21295,Doveton,21202,Casey - North,212,Melbourne - South East,2GMEL,Greater Melbourne,2,Victoria,5.193,0.122,-37.991,145.24,0.221
892,212021297,21297,Hallam,21202,Casey - North,212,Melbourne - South East,2GMEL,Greater Melbourne,2,Victoria,8.057,0.144,-38.008,145.268,0.319
893,212021299,21299,Narre Warren North,21202,Casey - North,212,Melbourne - South East,2GMEL,Greater Melbourne,2,Victoria,34.409,0.174,-37.986,145.33,0.417
894,212021453,21453,Endeavour Hills - North,21202,Casey - North,212,Melbourne - South East,2GMEL,Greater Melbourne,2,Victoria,14.475,0.162,-37.959,145.258,0.369
895,212021454,21454,Endeavour Hills - South,21202,Casey - North,212,Melbourne - South East,2GMEL,Greater Melbourne,2,Victoria,5.587,0.161,-37.983,145.261,0.378
896,212021455,21455,Narre Warren - North East,21202,Casey - North,212,Melbourne - South East,2GMEL,Greater Melbourne,2,Victoria,4.874,0.16,-38.005,145.309,0.37
897,212021456,21456,Narre Warren - South West,21202,Casey - North,212,Melbourne - South East,2GMEL,Greater Melbourne,2,Victoria,9.305,0.148,-38.025,145.304,0.337
898,212031300,21300,Cranbourne,21203,Casey - South,212,Melbourne - South East,2GMEL,Greater Melbourne,2,Victoria,13.027,0.144,-38.107,145.276,0.304
899,212031301,21301,Cranbourne East,21203,Casey - South,212,Melbourne - South East,2GMEL,Greater Melbourne,2,Victoria,42.89,0.164,-38.104,145.342,0.361
900,212031302,21302,Cranbourne North,21203,Casey - South,212,Melbourne - South East,2GMEL,Greater Melbourne,2,Victoria,10.239,0.154,-38.077,145.299,0.342
901,212031303,21303,Cranbourne South,21203,Casey - South,212,Melbourne - South East,2GMEL,Greater Melbourne,2,Victoria,81.662,0.165,-38.151,145.313,0.373
902,212031304,21304,Cranbourne West,21203,Casey - South,212,Melbourne - South East,2GMEL,Greater Melbourne,2,Victoria,12.898,0.15,-38.102,145.248,0.304
903,212031305,21305,Hampton Park - Lynbrook,21203,Casey - South,212,Melbourne - South East,2GMEL,Greater Melbourne,2,Victoria,13.342,0.134,-38.039,145.269,0.27
904,212031306,21306,Lynbrook - Lyndhurst,21203,Casey - South,212,Melbourne - South East,2GMEL,Greater Melbourne,2,Victoria,7.358,0.171,-38.062,145.253,0.391
905,212031308,21308,Pearcedale - Tooradin,21203,Casey - South,212,Melbourne - South East,2GMEL,Greater Melbourne,2,Victoria,98.511,0.155,-38.204,145.312,0.326
906,212031457,21457,Narre Warren South (East),21203,Casey - South,212,Melbourne - South East,2GMEL,Greater Melbourne,2,Victoria,6.22,0.168,-38.059,145.313,0.391
907,212031458,21458,Narre Warren South (West),21203,Casey - South,212,Melbourne - South East,2GMEL,Greater Melbourne,2,Victoria,6.777,0.155,-38.05,145.292,0.335
908,212041309,21309,Clarinda - Oakleigh South,21204,Dandenong,212,Melbourne - South East,2GMEL,Greater Melbourne,2,Victoria,6.323,0.162,-37.939,145.099,0.394
909,212041310,21310,Clayton South,21204,Dandenong,212,Melbourne - South East,2GMEL,Greater Melbourne,2,Victoria,7.938,0.15,-37.943,145.125,0.333
910,212041311,21311,Dandenong,21204,Dandenong,212,Melbourne - South East,2GMEL,Greater Melbourne,2,Victoria,61.824,0.126,-38.03,145.21,0.238
911,212041312,21312,Dandenong North,21204,Dandenong,212,Melbourne - South East,2GMEL,Greater Melbourne,2,Victoria,9.459,0.147,-37.956,145.214,0.32
912,212041313,21313,Dingley Village,21204,Dandenong,212,Melbourne - South East,2GMEL,Greater Melbourne,2,Victoria,7.244,0.177,-37.975,145.127,0.45
913,212041314,21314,Keysborough,21204,Dandenong,212,Melbourne - South East,2GMEL,Greater Melbourne,2,Victoria,30.279,0.16,-38.015,145.164,0.367
914,212041316,21316,Noble Park North,21204,Dandenong,212,Melbourne - South East,2GMEL,Greater Melbourne,2,Victoria,3.757,0.141,-37.951,145.191,0.348
915,212041317,21317,Springvale,21204,Dandenong,212,Melbourne - South East,2GMEL,Greater Melbourne,2,Victoria,11.105,0.125,-37.946,145.158,0.267
916,212041318,21318,Springvale South,21204,Dandenong,212,Melbourne - South East,2GMEL,Greater Melbourne,2,Victoria,4.56,0.126,-37.971,145.148,0.261
917,212041459,21459,Noble Park - East,21204,Dandenong,212,Melbourne - South East,2GMEL,Greater Melbourne,2,Victoria,3.767,0.14,-37.964,145.182,0.316
918,212041460,21460,Noble Park - West,21204,Dandenong,212,Melbourne - South East,2GMEL,Greater Melbourne,2,Victoria,4.795,0.132,-37.974,145.173,0.284
919,212051319,21319,Ashwood - Chadstone,21205,Monash,212,Melbourne - South East,2GMEL,Greater Melbourne,2,Victoria,6.709,0.199,-37.872,145.101,0.513
920,212051320,21320,Clayton,21205,Monash,212,Melbourne - South East,2GMEL,Greater Melbourne,2,Victoria,9.411,0.159,-37.916,145.132,0.425
921,212051321,21321,Glen Waverley - East,21205,Monash,212,Melbourne - South East,2GMEL,Greater Melbourne,2,Victoria,9.165,0.196,-37.882,145.178,0.517
922,212051322,21322,Glen Waverley - West,21205,Monash,212,Melbourne - South East,2GMEL,Greater Melbourne,2,Victoria,7.676,0.192,-37.882,145.156,0.499
923,212051323,21323,Mount Waverley - North,21205,Monash,212,Melbourne - South East,2GMEL,Greater Melbourne,2,Victoria,6.484,0.2,-37.866,145.13,0.541
924,212051324,21324,Mount Waverley - South,21205,Monash,212,Melbourne - South East,2GMEL,Greater Melbourne,2,Victoria,8.701,0.197,-37.887,145.127,0.515
925,212051325,21325,Mulgrave,21205,Monash,212,Melbourne - South East,2GMEL,Greater Melbourne,2,Victoria,10.719,0.184,-37.926,145.176,0.472
926,212051326,21326,Oakleigh - Huntingdale,21205,Monash,212,Melbourne - South East,2GMEL,Greater Melbourne,2,Victoria,10.17,0.183,-37.908,145.101,0.482
927,212051327,21327,Wheelers Hill,21205,Monash,212,Melbourne - South East,2GMEL,Greater Melbourne,2,Victoria,10.439,0.196,-37.908,145.187,0.521
928,213011328,21328,Ardeer - Albion,21301,Brimbank,213,Melbourne - West,2GMEL,Greater Melbourne,2,Victoria,4.588,0.145,-37.776,144.81,0.327
929,213011329,21329,Cairnlea,21301,Brimbank,213,Melbourne - West,2GMEL,Greater Melbourne,2,Victoria,4.406,0.153,-37.759,144.788,0.342
930,213011330,21330,Deer Park - Derrimut,21301,Brimbank,213,Melbourne - West,2GMEL,Greater Melbourne,2,Victoria,21.335,0.153,-37.787,144.774,0.34
931,213011331,21331,Delahey,21301,Brimbank,213,Melbourne - West,2GMEL,Greater Melbourne,2,Victoria,3.506,0.14,-37.72,144.777,0.307
932,213011332,21332,Keilor Downs,21301,Brimbank,213,Melbourne - West,2GMEL,Greater Melbourne,2,Victoria,7.66,0.16,-37.726,144.813,0.38
933,213011333,21333,Kings Park (Vic.),21301,Brimbank,213,Melbourne - West,2GMEL,Greater Melbourne,2,Victoria,4.432,0.127,-37.739,144.771,0.254
934,213011334,21334,St Albans - North,21301,Brimbank,213,Melbourne - West,2GMEL,Greater Melbourne,2,Victoria,6.523,0.127,-37.737,144.802,0.269
935,213011335,21335,St Albans - South,21301,Brimbank,213,Melbourne - West,2GMEL,Greater Melbourne,2,Victoria,6.265,0.123,-37.753,144.808,0.253
936,213011336,21336,Sunshine,21301,Brimbank,213,Melbourne - West,2GMEL,Greater Melbourne,2,Victoria,4.732,0.147,-37.789,144.834,0.359
937,213011337,21337,Sunshine North,21301,Brimbank,213,Melbourne - West,2GMEL,Greater Melbourne,2,Victoria,8.024,0.133,-37.764,144.836,0.276
938,213011338,21338,Sunshine West,21301,Brimbank,213,Melbourne - West,2GMEL,Greater Melbourne,2,Victoria,12.969,0.14,-37.802,144.818,0.317
939,213011339,21339,Sydenham,21301,Brimbank,213,Melbourne - West,2GMEL,Greater Melbourne,2,Victoria,3.948,0.159,-37.7,144.764,0.38
940,213011340,21340,Taylors Lakes,21301,Brimbank,213,Melbourne - West,2GMEL,Greater Melbourne,2,Victoria,18.463,0.174,-37.689,144.786,0.419
941,213021341,21341,Altona,21302,Hobsons Bay,213,Melbourne - West,2GMEL,Greater Melbourne,2,Victoria,17.685,0.195,-37.86,144.815,0.487
942,213021342,21342,Altona Meadows,21302,Hobsons Bay,213,Melbourne - West,2GMEL,Greater Melbourne,2,Victoria,10.54,0.164,-37.881,144.784,0.39
943,213021343,21343,Altona North,21302,Hobsons Bay,213,Melbourne - West,2GMEL,Greater Melbourne,2,Victoria,16.184,0.174,-37.836,144.836,0.427
944,213021344,21344,Newport,21302,Hobsons Bay,213,Melbourne - West,2GMEL,Greater Melbourne,2,Victoria,8.841,0.217,-37.838,144.882,0.555
945,213021345,21345,Seabrook,21302,Hobsons Bay,213,Melbourne - West,2GMEL,Greater Melbourne,2,Victoria,1.62,0.172,-37.881,144.759,0.403
946,213021346,21346,Williamstown,21302,Hobsons Bay,213,Melbourne - West,2GMEL,Greater Melbourne,2,Victoria,7.346,0.22,-37.859,144.885,0.558
947,213031347,21347,Braybrook,21303,Maribyrnong,213,Melbourne - West,2GMEL,Greater Melbourne,2,Victoria,7.484,0.155,-37.785,144.863,0.372
948,213031348,21348,Footscray,21303,Maribyrnong,213,Melbourne - West,2GMEL,Greater Melbourne,2,Victoria,4.967,0.169,-37.798,144.897,0.451
949,213031349,21349,Maribyrnong,21303,Maribyrnong,213,Melbourne - West,2GMEL,Greater Melbourne,2,Victoria,5.493,0.188,-37.773,144.888,0.481
950,213031350,21350,Seddon - Kingsville,21303,Maribyrnong,213,Melbourne - West,2GMEL,Greater Melbourne,2,Victoria,1.68,0.208,-37.808,144.886,0.564
951,213031351,21351,West Footscray - Tottenham,21303,Maribyrnong,213,Melbourne - West,2GMEL,Greater Melbourne,2,Victoria,5.981,0.177,-37.802,144.865,0.461
952,213031352,21352,Yarraville,21303,Maribyrnong,213,Melbourne - West,2GMEL,Greater Melbourne,2,Victoria,5.62,0.212,-37.818,144.882,0.556
953,213041353,21353,Bacchus Marsh,21304,Melton - Bacchus Marsh,213,Melbourne - West,2GMEL,Greater Melbourne,2,Victoria,196.298,0.167,-37.638,144.455,0.37
954,213041355,21355,Hillside,21304,Melton - Bacchus Marsh,213,Melbourne - West,2GMEL,Greater Melbourne,2,Victoria,66.548,0.17,-37.687,144.697,0.399
955,213041356,21356,Melton,21304,Melton - Bacchus Marsh,213,Melbourne - West,2GMEL,Greater Melbourne,2,Victoria,130.705,0.15,-37.621,144.594,0.327
956,213041357,21357,Melton South,21304,Melton - Bacchus Marsh,213,Melbourne - West,2GMEL,Greater Melbourne,2,Victoria,110.961,0.162,-37.74,144.548,0.352
957,213041358,21358,Melton West,21304,Melton - Bacchus Marsh,213,Melbourne - West,2GMEL,Greater Melbourne,2,Victoria,24.202,0.155,-37.665,144.543,0.346
958,213041359,21359,Rockbank - Mount Cottrell,21304,Melton - Bacchus Marsh,213,Melbourne - West,2GMEL,Greater Melbourne,2,Victoria,125.761,0.124,-37.76,144.667,0.258
959,213041360,21360,Taylors Hill,21304,Melton - Bacchus Marsh,213,Melbourne - West,2GMEL,Greater Melbourne,2,Victoria,5.968,0.174,-37.715,144.749,0.407
960,213041461,21461,Burnside,21304,Melton - Bacchus Marsh,213,Melbourne - West,2GMEL,Greater Melbourne,2,Victoria,2.552,0.146,-37.749,144.753,0.312
961,213041462,21462,Burnside Heights,21304,Melton - Bacchus Marsh,213,Melbourne - West,2GMEL,Greater Melbourne,2,Victoria,1.995,0.166,-37.732,144.756,0.38
962,213041463,21463,Caroline Springs,21304,Melton - Bacchus Marsh,213,Melbourne - West,2GMEL,Greater Melbourne,2,Victoria,6.953,0.177,-37.739,144.737,0.426
963,213051361,21361,Hoppers Crossing - North,21305,Wyndham,213,Melbourne - West,2GMEL,Greater Melbourne,2,Victoria,10.914,0.157,-37.862,144.701,0.354
964,213051362,21362,Hoppers Crossing - South,21305,Wyndham,213,Melbourne - West,2GMEL,Greater Melbourne,2,Victoria,7.011,0.155,-37.873,144.685,0.348
965,213051363,21363,Laverton,21305,Wyndham,213,Melbourne - West,2GMEL,Greater Melbourne,2,Victoria,22.245,0.172,-37.84,144.778,0.414
966,213051365,21365,Tarneit,21305,Wyndham,213,Melbourne - West,2GMEL,Greater Melbourne,2,Victoria,62.142,0.166,-37.827,144.647,0.382
967,213051366,21366,Truganina,21305,Wyndham,213,Melbourne - West,2GMEL,Greater Melbourne,2,Victoria,27.165,0.169,-37.833,144.734,0.396
968,213051368,21368,Werribee - South,21305,Wyndham,213,Melbourne - West,2GMEL,Greater Melbourne,2,Victoria,114.033,0.166,-37.951,144.653,0.39
969,213051369,21369,Wyndham Vale,21305,Wyndham,213,Melbourne - West,2GMEL,Greater Melbourne,2,Victoria,128.241,0.163,-37.841,144.541,0.381
970,213051464,21464,Point Cook - East,21305,Wyndham,213,Melbourne - West,2GMEL,Greater Melbourne,2,Victoria,19.036,0.202,-37.913,144.77,0.502
971,213051465,21465,Point Cook - North,21305,Wyndham,213,Melbourne - West,2GMEL,Greater Melbourne,2,Victoria,8.491,0.194,-37.886,144.738,0.469
972,213051466,21466,Point Cook - South,21305,Wyndham,213,Melbourne - West,2GMEL,Greater Melbourne,2,Victoria,9.422,0.202,-37.911,144.733,0.506
973,213051467,21467,Werribee - East,21305,Wyndham,213,Melbourne - West,2GMEL,Greater Melbourne,2,Victoria,7.757,0.15,-37.885,144.662,0.333
974,213051468,21468,Werribee - West,21305,Wyndham,213,Melbourne - West,2GMEL,Greater Melbourne,2,Victoria,127.663,0.161,-37.92,144.548,0.362
975,214011370,21370,Carrum Downs,21401,Frankston,214,Mornington Peninsula,2GMEL,Greater Melbourne,2,Victoria,20.308,0.15,-38.093,145.176,0.327
976,214011371,21371,Frankston,21401,Frankston,214,Mornington Peninsula,2GMEL,Greater Melbourne,2,Victoria,11.624,0.158,-38.154,145.14,0.365
977,214011372,21372,Frankston North,21401,Frankston,214,Mornington Peninsula,2GMEL,Greater Melbourne,2,Victoria,13.238,0.145,-38.134,145.158,0.325
978,214011373,21373,Frankston South,21401,Frankston,214,Mornington Peninsula,2GMEL,Greater Melbourne,2,Victoria,14.56,0.186,-38.176,145.129,0.448
979,214011374,21374,Langwarrin,21401,Frankston,214,Mornington Peninsula,2GMEL,Greater Melbourne,2,Victoria,37.62,0.163,-38.163,145.196,0.375
980,214011375,21375,Seaford (Vic.),21401,Frankston,214,Mornington Peninsula,2GMEL,Greater Melbourne,2,Victoria,12.432,0.167,-38.105,145.138,0.388
981,214011376,21376,Skye - Sandhurst,21401,Frankston,214,Mornington Peninsula,2GMEL,Greater Melbourne,2,Victoria,19.815,0.178,-38.101,145.215,0.415
982,214021377,21377,Dromana,21402,Mornington Peninsula,214,Mornington Peninsula,2GMEL,Greater Melbourne,2,Victoria,45.058,0.159,-38.336,144.999,0.38
983,214021378,21378,Flinders,21402,Mornington Peninsula,214,Mornington Peninsula,2GMEL,Greater Melbourne,2,Victoria,287.379,0.166,-38.398,145,0.385
984,214021379,21379,Hastings - Somers,21402,Mornington Peninsula,214,Mornington Peninsula,2GMEL,Greater Melbourne,2,Victoria,108.884,0.145,-38.346,145.165,0.297
985,214021380,21380,Mornington,21402,Mornington Peninsula,214,Mornington Peninsula,2GMEL,Greater Melbourne,2,Victoria,21.093,0.17,-38.23,145.06,0.399
986,214021381,21381,Mount Eliza,21402,Mornington Peninsula,214,Mornington Peninsula,2GMEL,Greater Melbourne,2,Victoria,23.208,0.207,-38.195,145.093,0.516
987,214021382,21382,Mount Martha,21402,Mornington Peninsula,214,Mornington Peninsula,2GMEL,Greater Melbourne,2,Victoria,30.209,0.187,-38.275,145.031,0.445
988,214021383,21383,Point Nepean,21402,Mornington Peninsula,214,Mornington Peninsula,2GMEL,Greater Melbourne,2,Victoria,67.188,0.156,-38.379,144.797,0.367
989,214021384,21384,Rosebud - McCrae,21402,Mornington Peninsula,214,Mornington Peninsula,2GMEL,Greater Melbourne,2,Victoria,23.796,0.139,-38.369,144.907,0.311
990,214021385,21385,Somerville,21402,Mornington Peninsula,214,Mornington Peninsula,2GMEL,Greater Melbourne,2,Victoria,117.354,0.159,-38.241,145.164,0.339
